商品名,商品コード,商品ラベルID,SKUコード,マスターSKU商品の指定,単品・定期,ステータス,販売中,公開開始日,公開終了日,通常価格,販売価格,税率設定ID,詳細,詳細（モバイル）,規格名1,分類名1,規格名2,分類名2,規格名3,分類名3,送料の個別設定ID,支払い手数料の個別設定ID,同梱物,注文毎の購入制限数,購入数の下限,購入数の上限,顧客毎の購入制限数,未成年者の購入制限,未成年者の設定,同梱物の購入制限,ポイント交換,変更可能SKUグループID,原価,大きさ,会員ランク制御,注意喚起文（画面上部）,注意喚起文,支払い方法割引設定（支払い方法ID）,支払い方法割引設定（割引額）,支払い方法割引設定（割引率）,支払い方法割引設定（初回のみ）,詳細（サブ）,詳細（サブ、モバイル）,メタディスクリプション,メタキーワード,新着フラグ,セールフラグ,購入画面への表示,メール画面への表示,帳票への表示,メーカーID,カテゴリーID,商品画像,SKU商品画像1,SKU商品画像2,SKU商品画像3,SKU商品画像4,SKU商品画像5,定期お約束回数,配送サイクル,何ヶ月ごとの何日に配送,何日ごとに配送,何ヶ月ごとの何回目の何曜日に配送,選択可能間隔（日付・曜日）,選択可能間隔（間隔）,連携用商品番号,連携用SKU番号,自由入力1,自由入力2,自由入力3,自由入力4,自由入力5,自由入力6,自由入力7,自由入力8,自由入力9,自由入力10
Title,product-v-002,Image Src,product-v-002,,0,active,0,,,Variant Price,Variant Price,,,,,,,,,,,,,,,,,,,,,,Variant Price,1,,,,,,,,,,,,,,,,,,,,,,,,,,,,,,,,,,,,,,,,,,,
自然農乾燥ニンニク（スライス）＊１０g,product-v-003,,product-v-003,,0,active,1,,,330,330,,,,,,,,,,,,,,,,,,,,,,330,1,,,,,,,,,,,,,,,,,,,,,,,,,,,,,,,,,,,,,,,,,,,
自然農大根＊800g〜,product-v-004,https://cdn.shopify.com/s/files/1/0515/4045/9679/products/daikon_01554c29-3ba5-4490-aba4-f1f441c529d1.jpg?v=1668612372,product-v-004,,0,inactive,0,,,300,300,,,,,,,,,,,,,,,,,,,,,,300,1,,,,,,,,,,,,,,,,,,,,,,,,,,,,,,,,,,,,,,,,,,,
自然農サラダほうれん草＊150g,product-v-005,https://cdn.shopify.com/s/files/1/0515/4045/9679/products/hourensou_siro_9a2fef24-45e2-4440-8f45-f7f7aa04604f.png?v=1668584063,product-v-005,,0,inactive,0,,,270,270,,,,,,,,,,,,,,,,,,,,,,270,1,,,,,,,,,,,,,,,,,,,,,,,,,,,,,,,,,,,,,,,,,,,
山地の自然栽培！令和４年度徳島県産はるみ＊５〜２３kg,product-v-006,https://cdn.shopify.com/s/files/1/0515/4045/9679/products/koshihikari_5kg_9e067b3b-0fc5-43c7-8a34-fff3fa4a4725.jpg?v=1667418646,product-v-006,,0,active,1,,,3400,3400,,,,,,,,,,,,,,,,,,,,,,3400,1,,,,,,,,,,,,,,,,,,,,,,,,,,,,,,,,,,,,,,,,,,,
【注意事項を必ずご確認下さい】★訳あり★令和４年度徳島県産農薬不使用餅米,product-v-007,,product-v-007,,0,inactive,0,,,0,0,,,,,,,,,,,,,,,,,,,,,,0,1,,,,,,,,,,,,,,,,,,,,,,,,,,,,,,,,,,,,,,,,,,,
たむらの濃密マヨネーズ,product-v-008,,product-v-008,,0,inactive,0,,,0,0,,,,,,,,,,,,,,,,,,,,,,0,1,,,,,,,,,,,,,,,,,,,,,,,,,,,,,,,,,,,,,,,,,,,
神山鶏　肉だんご,product-v-009,,product-v-009,,0,inactive,0,,,0,0,,,,,,,,,,,,,,,,,,,,,,0,1,,,,,,,,,,,,,,,,,,,,,,,,,,,,,,,,,,,,,,,,,,,
秘蔵しょうゆ,product-v-010,https://cdn.shopify.com/s/files/1/0515/4045/9679/products/355aeda053ca96c73e7fa2f0c1855aae.jpg?v=1661917445,product-v-010,,0,inactive,0,,,0,0,,,,,,,,,,,,,,,,,,,,,,0,1,,,,,,,,,,,,,,,,,,,,,,,,,,,,,,,,,,,,,,,,,,,
有機キーマカレー,product-v-011,https://cdn.shopify.com/s/files/1/0515/4045/9679/products/140keema.jpg?v=1661772699,product-v-011,,0,inactive,0,,,0,0,,,,,,,,,,,,,,,,,,,,,,0,1,,,,,,,,,,,,,,,,,,,,,,,,,,,,,,,,,,,,,,,,,,,
オーガニックぶどうジュース,product-v-012,https://cdn.shopify.com/s/files/1/0515/4045/9679/products/160budou.jpg?v=1661771169,product-v-012,,0,inactive,0,,,0,0,,,,,,,,,,,,,,,,,,,,,,0,1,,,,,,,,,,,,,,,,,,,,,,,,,,,,,,,,,,,,,,,,,,,
有機果実と野菜のジュース,product-v-013,https://cdn.shopify.com/s/files/1/0515/4045/9679/products/190kajitutoyasai.jpg?v=1661770647,product-v-013,,0,inactive,0,,,0,0,,,,,,,,,,,,,,,,,,,,,,0,1,,,,,,,,,,,,,,,,,,,,,,,,,,,,,,,,,,,,,,,,,,,
ハーブティー（Relax and Reflesh ブレンド）＊１５g,product-v-014,https://cdn.shopify.com/s/files/1/0515/4045/9679/products/image1.jpg?v=1662357422,product-v-014,,0,inactive,0,,,750,750,,,,,,,,,,,,,,,,,,,,,,750,1,,,,,,,,,,,,,,,,,,,,,,,,,,,,,,,,,,,,,,,,,,,
ベジブロス（農薬・化学肥料不使用　野菜パウダー）＊４５g,product-v-015,https://cdn.shopify.com/s/files/1/0515/4045/9679/products/0.jpg?v=1662357304,product-v-015,,0,inactive,0,,,750,750,,,,,,,,,,,,,,,,,,,,,,750,1,,,,,,,,,,,,,,,,,,,,,,,,,,,,,,,,,,,,,,,,,,,
テスト,product-v-016,,product-v-016,,0,inactive,0,,,0,0,,,,,,,,,,,,,,,,,,,,,,0,1,,,,,,,,,,,,,,,,,,,,,,,,,,,,,,,,,,,,,,,,,,,
自然農パクチーの実,product-v-017,https://cdn.shopify.com/s/files/1/0515/4045/9679/products/a19d20a756a623cb0093c2e2cffc775a.jpg?v=1651903600,product-v-017,,0,inactive,0,,,220,220,,,,,,,,,,,,,,,,,,,,,,220,1,,,,,,,,,,,,,,,,,,,,,,,,,,,,,,,,,,,,,,,,,,,
オーガニッククラフトコーラシロップ（希釈タイプ）＊340g（150ml）,product-v-018,https://cdn.shopify.com/s/files/1/0515/4045/9679/products/2_9ee00915-d09b-4e19-ba93-b80b92583d91.png?v=1651624258,product-v-018,,0,active,1,,,550,550,,,,,,,,,,,,,,,,,,,,,,550,1,,,,,,,,,,,,,,,,,,,,,,,,,,,,,,,,,,,,,,,,,,,
浅葱（自然農）,product-v-019,https://cdn.shopify.com/s/files/1/0515/4045/9679/products/4.jpg?v=1649045947,product-v-019,,0,inactive,0,,,220,220,,,,,,,,,,,,,,,,,,,,,,220,1,,,,,,,,,,,,,,,,,,,,,,,,,,,,,,,,,,,,,,,,,,,
阿波の黒糖,product-v-020,https://cdn.shopify.com/s/files/1/0515/4045/9679/products/2_8b2619a7-1f89-40f0-86c9-59166f37a9cf.jpg?v=1640412016,product-v-020,,0,active,1,,,1100,1100,,,,,,,,,,,,,,,,,,,,,,1100,1,,,,,,,,,,,,,,,,,,,,,,,,,,,,,,,,,,,,,,,,,,,
鳴門激流こんぶ,product-v-021,https://cdn.shopify.com/s/files/1/0515/4045/9679/products/2_f484994a-05c3-484c-a4d4-16bcf0df943a.png?v=1638175533,product-v-021,,0,active,1,,,540,540,,,,,,,,,,,,,,,,,,,,,,540,1,,,,,,,,,,,,,,,,,,,,,,,,,,,,,,,,,,,,,,,,,,,
サンチュ（自然農）,product-v-022,https://cdn.shopify.com/s/files/1/0515/4045/9679/products/3_db75d68d-23b1-4cdd-b0c4-ece80285c93c.png?v=1638174014,product-v-022,,0,inactive,0,,,220,220,,,,,,,,,,,,,,,,,,,,,,220,1,,,,,,,,,,,,,,,,,,,,,,,,,,,,,,,,,,,,,,,,,,,
赤からし菜（自然農）,product-v-023,https://cdn.shopify.com/s/files/1/0515/4045/9679/products/2b0288515064a93930aa084172569658_ac800fd2-ac56-480e-b6ee-cc08b71590c7.jpg?v=1642138653,product-v-023,,0,inactive,0,,,220,220,,,,,,,,,,,,,,,,,,,,,,220,1,,,,,,,,,,,,,,,,,,,,,,,,,,,,,,,,,,,,,,,,,,,
自然農明日葉,product-v-024,https://cdn.shopify.com/s/files/1/0515/4045/9679/products/7155f10de18b88b45d07ecec8bf7ca40.jpg?v=1635381684,product-v-024,,0,inactive,0,,,220,220,,,,,,,,,,,,,,,,,,,,,,220,1,,,,,,,,,,,,,,,,,,,,,,,,,,,,,,,,,,,,,,,,,,,
0商品テンプレート,product-v-025,https://cdn.shopify.com/s/files/1/0515/4045/9679/products/1_75d08e90-467e-4b03-8d55-da7d7e40572a.png?v=1637654614,product-v-025,,0,inactive,0,,,0,0,,,,,,,,,,,,,,,,,,,,,,0,1,,,,,,,,,,,,,,,,,,,,,,,,,,,,,,,,,,,,,,,,,,,
自然農レモンバーム＊20g,product-v-026,https://cdn.shopify.com/s/files/1/0515/4045/9679/products/ED8B0C52-04BE-45CD-ADD6-63B98F77F3A1_589eaebe-cd1e-4201-a3bd-ba1a000b7211.jpg?v=1636108351,product-v-026,,0,active,1,,,180,180,,,,,,,,,,,,,,,,,,,,,,180,1,,,,,,,,,,,,,,,,,,,,,,,,,,,,,,,,,,,,,,,,,,,
自然農三つ葉,product-v-027,https://cdn.shopify.com/s/files/1/0515/4045/9679/products/6A868F48-B2C7-4AAD-BC2C-7397F2F8CDE6_8bcec733-c889-4c16-a925-98da5e7ac0bb.jpg?v=1642138592,product-v-027,,0,inactive,0,,,180,180,,,,,,,,,,,,,,,,,,,,,,180,1,,,,,,,,,,,,,,,,,,,,,,,,,,,,,,,,,,,,,,,,,,,
自然農スペアミント,product-v-028,https://cdn.shopify.com/s/files/1/0515/4045/9679/products/95A31627-E621-4843-924A-D83EF8B1BB9E_0d8733af-11bd-4cdd-8246-c65193f93474.jpg?v=1634346012,product-v-028,,0,active,1,,,180,180,,,,,,,,,,,,,,,,,,,,,,180,1,,,,,,,,,,,,,,,,,,,,,,,,,,,,,,,,,,,,,,,,,,,
自然農キムチ唐辛子（青）,product-v-029,https://cdn.shopify.com/s/files/1/0515/4045/9679/products/91bf209774a13e2cf5935e4e167e74b6_43e499b2-5a3e-4323-8f90-f6fa800a6d75.jpg?v=1642138525,product-v-029,,0,inactive,0,,,220,220,,,,,,,,,,,,,,,,,,,,,,220,1,,,,,,,,,,,,,,,,,,,,,,,,,,,,,,,,,,,,,,,,,,,
自然農紫蘇の実（枝付き）,product-v-030,https://cdn.shopify.com/s/files/1/0515/4045/9679/products/C1EDDADE-2042-4A4A-9F63-DB27CF8BA3D9.jpg?v=1633998642,product-v-030,,0,inactive,0,,,220,220,,,,,,,,,,,,,,,,,,,,,,220,1,,,,,,,,,,,,,,,,,,,,,,,,,,,,,,,,,,,,,,,,,,,
【定期購入専用】精米後発送！R３年徳島県産アキサカリ900g,product-v-031,https://cdn.shopify.com/s/files/1/0515/4045/9679/products/16e47efa44e42db742fd5a7d15a54dc3_30235284-5fda-46e0-8277-49a9a259ff16.png?v=1647399085,product-v-031,,0,inactive,0,,,1080,1080,,,,,,,,,,,,,,,,,,,,,,1080,1,,,,,,,,,,,,,,,,,,,,,,,,,,,,,,,,,,,,,,,,,,,
自然農もち麦,product-v-032,https://cdn.shopify.com/s/files/1/0515/4045/9679/products/1_e3c8b848-20eb-49d6-86ee-b609cb874088.jpg?v=1642256117,product-v-032,,0,inactive,0,,,600,600,,,,,,,,,,,,,,,,,,,,,,600,1,,,,,,,,,,,,,,,,,,,,,,,,,,,,,,,,,,,,,,,,,,,
自然農ナーベラ（食用ヘチマ）,product-v-033,https://cdn.shopify.com/s/files/1/0515/4045/9679/products/nabera_5b54a350-097b-42d8-a8b6-8cb5ad63a161.jpg?v=1632735986,product-v-033,,0,inactive,0,,,300,300,,,,,,,,,,,,,,,,,,,,,,300,1,,,,,,,,,,,,,,,,,,,,,,,,,,,,,,,,,,,,,,,,,,,
【残り僅か】農薬不使用！原矢じぃじの令和４年度徳島県産アキサカリ,product-v-034,https://cdn.shopify.com/s/files/1/0515/4045/9679/products/16e47efa44e42db742fd5a7d15a54dc3_14cf38fe-0a70-4cc3-893e-ea7c39785eb5.png?v=1647399055,product-v-034,,0,active,1,,,3240,3240,,,,,,,,,,,,,,,,,,,,,,3240,1,,,,,,,,,,,,,,,,,,,,,,,,,,,,,,,,,,,,,,,,,,,
【残り僅か】令和４年度徳島県産農薬不使用コシヒカリ＊５〜２３kg,product-v-035,https://cdn.shopify.com/s/files/1/0515/4045/9679/products/c09f400ce8e10510c5dcd527ee75cc0d_510d84c5-b6db-4ca2-8ad5-cf3e520313e4.jpg?v=1631235022,product-v-035,,0,active,1,,,2750,2750,,,,,,,,,,,,,,,,,,,,,,2750,1,,,,,,,,,,,,,,,,,,,,,,,,,,,,,,,,,,,,,,,,,,,
チキンコンソメ,product-v-036,https://cdn.shopify.com/s/files/1/0515/4045/9679/products/0446ee55a7d0bb275cf905e7bfb68fd5.jpg?v=1629857552,product-v-036,,0,active,1,,,550,550,,,,,,,,,,,,,,,,,,,,,,550,1,,,,,,,,,,,,,,,,,,,,,,,,,,,,,,,,,,,,,,,,,,,
有機肉豆腐の素,product-v-037,https://cdn.shopify.com/s/files/1/0515/4045/9679/products/e9845d0b6b3e8385073a202f34ade5e1.jpg?v=1629845650,product-v-037,,0,inactive,0,,,280,280,,,,,,,,,,,,,,,,,,,,,,280,1,,,,,,,,,,,,,,,,,,,,,,,,,,,,,,,,,,,,,,,,,,,
有機青椒肉絲の素,product-v-038,https://cdn.shopify.com/s/files/1/0515/4045/9679/products/656b08dacd3c0adc31a172aef545b458.jpg?v=1629845598,product-v-038,,0,active,1,,,280,280,,,,,,,,,,,,,,,,,,,,,,280,1,,,,,,,,,,,,,,,,,,,,,,,,,,,,,,,,,,,,,,,,,,,
有機回鍋肉の素,product-v-039,https://cdn.shopify.com/s/files/1/0515/4045/9679/products/927a001cee2d0855660d8841d0181601.jpg?v=1629845547,product-v-039,,0,active,1,,,280,280,,,,,,,,,,,,,,,,,,,,,,280,1,,,,,,,,,,,,,,,,,,,,,,,,,,,,,,,,,,,,,,,,,,,
有機麻婆の素,product-v-040,https://cdn.shopify.com/s/files/1/0515/4045/9679/products/f0685384b8ca0bcbf385fbbbc35a7c00.jpg?v=1629845473,product-v-040,,0,active,1,,,280,280,,,,,,,,,,,,,,,,,,,,,,280,1,,,,,,,,,,,,,,,,,,,,,,,,,,,,,,,,,,,,,,,,,,,
有機だしつゆ,product-v-041,https://cdn.shopify.com/s/files/1/0515/4045/9679/products/91f905c2a3a42e34895db4fb70446791.jpg?v=1629845400,product-v-041,,0,active,1,,,540,540,,,,,,,,,,,,,,,,,,,,,,540,1,,,,,,,,,,,,,,,,,,,,,,,,,,,,,,,,,,,,,,,,,,,
有機ポン酢しょうゆ,product-v-042,https://cdn.shopify.com/s/files/1/0515/4045/9679/products/e32681156917917a1edea7574d36261c.jpg?v=1629845351,product-v-042,,0,active,1,,,450,450,,,,,,,,,,,,,,,,,,,,,,450,1,,,,,,,,,,,,,,,,,,,,,,,,,,,,,,,,,,,,,,,,,,,
有機うめしょうゆ　ノンオイルドレッシング,product-v-043,https://cdn.shopify.com/s/files/1/0515/4045/9679/products/acb56f3a075804f4aadd8fc40a0afae3.jpg?v=1629845304,product-v-043,,0,inactive,0,,,440,440,,,,,,,,,,,,,,,,,,,,,,440,1,,,,,,,,,,,,,,,,,,,,,,,,,,,,,,,,,,,,,,,,,,,
有機青じそノンオイルドレッシング,product-v-044,https://cdn.shopify.com/s/files/1/0515/4045/9679/products/5678a7574ee130764626a7dc2d67a02b.jpg?v=1629845267,product-v-044,,0,inactive,0,,,540,540,,,,,,,,,,,,,,,,,,,,,,540,1,,,,,,,,,,,,,,,,,,,,,,,,,,,,,,,,,,,,,,,,,,,
有機胡麻ドレッシングタイプ,product-v-045,https://cdn.shopify.com/s/files/1/0515/4045/9679/products/a50912032f2e922686ec462cbe36fa4a.jpg?v=1629845233,product-v-045,,0,active,1,,,540,540,,,,,,,,,,,,,,,,,,,,,,540,1,,,,,,,,,,,,,,,,,,,,,,,,,,,,,,,,,,,,,,,,,,,
有機中濃ソース,product-v-046,https://cdn.shopify.com/s/files/1/0515/4045/9679/products/4cab9128d586ad30eb502c24d38668df.jpg?v=1629845063,product-v-046,,0,active,1,,,480,480,,,,,,,,,,,,,,,,,,,,,,480,1,,,,,,,,,,,,,,,,,,,,,,,,,,,,,,,,,,,,,,,,,,,
有機トマトケチャップ（チューブ）,product-v-047,https://cdn.shopify.com/s/files/1/0515/4045/9679/products/3cc95432d255a0a8951be2360791ed5f.jpg?v=1629845196,product-v-047,,0,active,1,,,440,440,,,,,,,,,,,,,,,,,,,,,,440,1,,,,,,,,,,,,,,,,,,,,,,,,,,,,,,,,,,,,,,,,,,,
有機濃厚ソース,product-v-048,https://cdn.shopify.com/s/files/1/0515/4045/9679/products/baecc66f5b008130089446a6bf88a853.jpg?v=1629845164,product-v-048,,0,active,1,,,480,480,,,,,,,,,,,,,,,,,,,,,,480,1,,,,,,,,,,,,,,,,,,,,,,,,,,,,,,,,,,,,,,,,,,,
有機ウスターソース,product-v-049,https://cdn.shopify.com/s/files/1/0515/4045/9679/products/ad7f4e37b975b6ef9dbaa8cac01b1b14.jpg?v=1629845025,product-v-049,,0,active,1,,,480,480,,,,,,,,,,,,,,,,,,,,,,480,1,,,,,,,,,,,,,,,,,,,,,,,,,,,,,,,,,,,,,,,,,,,
有機めんつゆ,product-v-050,https://cdn.shopify.com/s/files/1/0515/4045/9679/products/300mentsuyu.jpg?v=1629240345,product-v-050,,0,active,1,,,540,540,,,,,,,,,,,,,,,,,,,,,,540,1,,,,,,,,,,,,,,,,,,,,,,,,,,,,,,,,,,,,,,,,,,,
自然農エゴマ＊２０枚,product-v-051,https://cdn.shopify.com/s/files/1/0515/4045/9679/products/BeautyPlus_20210808173034061_save.jpg?v=1628471611,product-v-051,,0,inactive,0,,,180,180,,,,,,,,,,,,,,,,,,,,,,180,1,,,,,,,,,,,,,,,,,,,,,,,,,,,,,,,,,,,,,,,,,,,
自然農イタリア茄子セット,product-v-052,https://cdn.shopify.com/s/files/1/0515/4045/9679/products/2_9230e79a-2f46-48a4-bc76-e2211af4c421.jpg?v=1642256142,product-v-052,,0,inactive,0,,,220,220,,,,,,,,,,,,,,,,,,,,,,220,1,,,,,,,,,,,,,,,,,,,,,,,,,,,,,,,,,,,,,,,,,,,
自然農翡翠（白）長茄子１〜２本,product-v-053,https://cdn.shopify.com/s/files/1/0515/4045/9679/products/gazou-junbichu_bb8c0e3b-b96c-44ca-b9ca-40676ade815b.jpg?v=1626519597,product-v-053,,0,inactive,0,,,220,220,,,,,,,,,,,,,,,,,,,,,,220,1,,,,,,,,,,,,,,,,,,,,,,,,,,,,,,,,,,,,,,,,,,,
自然農キャンディミント＊２０g,product-v-054,https://cdn.shopify.com/s/files/1/0515/4045/9679/products/gazou-junbichu_8fd78f77-2b51-456b-bc93-228b7bd8c03c.jpg?v=1627261967,product-v-054,,0,active,1,,,180,180,,,,,,,,,,,,,,,,,,,,,,180,1,,,,,,,,,,,,,,,,,,,,,,,,,,,,,,,,,,,,,,,,,,,
自然農ビーツ,product-v-055,https://cdn.shopify.com/s/files/1/0515/4045/9679/products/gazou-junbichu_d81e23ff-3ee7-4919-804f-150c6301a4fa.jpg?v=1623735309,product-v-055,,0,inactive,0,,,220,220,,,,,,,,,,,,,,,,,,,,,,220,1,,,,,,,,,,,,,,,,,,,,,,,,,,,,,,,,,,,,,,,,,,,
【今だけ】農薬不使用グリーンピース＊150g,product-v-056,https://cdn.shopify.com/s/files/1/0515/4045/9679/products/gazou-junbichu_64a53d5d-f11b-4ec4-9b98-9d87bf9e9ac1.jpg?v=1620867236,product-v-056,,0,inactive,0,,,300,300,,,,,,,,,,,,,,,,,,,,,,300,1,,,,,,,,,,,,,,,,,,,,,,,,,,,,,,,,,,,,,,,,,,,
農薬不使用赤じゃが,product-v-057,https://cdn.shopify.com/s/files/1/0515/4045/9679/products/gazou-junbichu_1f41523f-d294-4b31-b97b-8f22cc05176c.jpg?v=1618637034,product-v-057,,0,inactive,0,,,270,270,,,,,,,,,,,,,,,,,,,,,,270,1,,,,,,,,,,,,,,,,,,,,,,,,,,,,,,,,,,,,,,,,,,,
新品ダンボール,product-v-058,https://cdn.shopify.com/s/files/1/0515/4045/9679/products/27cdaeec1f8a661bfa011453b0a44ac9.jpg?v=1616639491,product-v-058,,0,active,1,,,250,250,,,,,,,,,,,,,,,,,,,,,,250,1,,,,,,,,,,,,,,,,,,,,,,,,,,,,,,,,,,,,,,,,,,,
【今だけ】農薬不使用スイートコーン『甘々娘』５kg（６月３０日（木）前後最終発送予定）,product-v-059,https://cdn.shopify.com/s/files/1/0515/4045/9679/products/06bc18aec14e5a6a7a84ebaeb6382655.jpg?v=1617718778,product-v-059,,0,inactive,0,,,2700,2700,,,,,,,,,,,,,,,,,,,,,,2700,1,,,,,,,,,,,,,,,,,,,,,,,,,,,,,,,,,,,,,,,,,,,
【残り僅か】新米特A米！令和４年度徳島県産農薬不使用アキサカリ＊５〜２３kg,product-v-060,https://cdn.shopify.com/s/files/1/0515/4045/9679/products/c09f400ce8e10510c5dcd527ee75cc0d.jpg?v=1616586114,product-v-060,,0,inactive,0,,,2550,2550,,,,,,,,,,,,,,,,,,,,,,2550,1,,,,,,,,,,,,,,,,,,,,,,,,,,,,,,,,,,,,,,,,,,,
自然農キムチ唐辛子（赤）,product-v-061,https://cdn.shopify.com/s/files/1/0515/4045/9679/products/695002688bc69940e7fdcc403874aa11_37f9e4ec-a010-4b1e-814d-bd19093e231e.jpg?v=1642138445,product-v-061,,0,inactive,0,,,220,220,,,,,,,,,,,,,,,,,,,,,,220,1,,,,,,,,,,,,,,,,,,,,,,,,,,,,,,,,,,,,,,,,,,,
自然農ロメインレタス＊400g,product-v-062,https://cdn.shopify.com/s/files/1/0515/4045/9679/products/gazou-junbichu_3f09e5af-281b-4411-89ac-d812c79b4969.jpg?v=1611657732,product-v-062,,0,inactive,0,,,270,270,,,,,,,,,,,,,,,,,,,,,,270,1,,,,,,,,,,,,,,,,,,,,,,,,,,,,,,,,,,,,,,,,,,,
果物の王様♪南国ならではの“とろり”と軟らかくて美味しい！あんぽ柿（干し柿）専用の種がほとんど無い阿波御所柿,product-v-063,https://cdn.shopify.com/s/files/1/0515/4045/9679/products/anpo_hoshigaki_5kg_1_0a6d7b14-2e6b-4650-b288-bbf60d3efbb2.jpg?v=1611661092,product-v-063,,0,inactive,0,,,1500,1500,,,,,,,,,,,,,,,,,,,,,,1500,1,,,,,,,,,,,,,,,,,,,,,,,,,,,,,,,,,,,,,,,,,,,
【新米】山地の自然栽培！令和４年度徳島県産コシヒカリ＊５〜２３kg,product-v-064,https://cdn.shopify.com/s/files/1/0515/4045/9679/products/koshihikari_5kg_fe9bf781-9341-40a7-a5f2-723b439e2a79.jpg?v=1611660464,product-v-064,,0,inactive,0,,,3400,3400,,,,,,,,,,,,,,,,,,,,,,3400,1,,,,,,,,,,,,,,,,,,,,,,,,,,,,,,,,,,,,,,,,,,,
大粒葡萄,product-v-065,https://cdn.shopify.com/s/files/1/0515/4045/9679/products/ootsubu_budou_1kg_1.jpg?v=1611660363,product-v-065,,0,inactive,0,,,2500,2500,,,,,,,,,,,,,,,,,,,,,,2500,1,,,,,,,,,,,,,,,,,,,,,,,,,,,,,,,,,,,,,,,,,,,
青ネギ（減農薬）,product-v-066,https://cdn.shopify.com/s/files/1/0515/4045/9679/products/ao-negi.jpg?v=1611098320,product-v-066,,0,active,1,,,220,220,,,,,,,,,,,,,,,,,,,,,,220,1,,,,,,,,,,,,,,,,,,,,,,,,,,,,,,,,,,,,,,,,,,,
自然農九条ネギ＊150g,product-v-067,https://cdn.shopify.com/s/files/1/0515/4045/9679/products/gazou-junbichu_d31464ff-9c0f-4ae5-9808-0383262c2261.jpg?v=1611098772,product-v-067,,0,inactive,0,,,220,220,,,,,,,,,,,,,,,,,,,,,,220,1,,,,,,,,,,,,,,,,,,,,,,,,,,,,,,,,,,,,,,,,,,,
手軽に乳酸菌。後発酵茶（阿波晩茶／１ヶ月発酵・２週間発酵）,product-v-068,https://cdn.shopify.com/s/files/1/0515/4045/9679/products/awahikicha.jpg?v=1611098263,product-v-068,,0,active,1,,,2200,2200,,,,,,,,,,,,,,,,,,,,,,2200,1,,,,,,,,,,,,,,,,,,,,,,,,,,,,,,,,,,,,,,,,,,,
自然農丸餅と美味しいお餅、真っ白杵付きのお餅,product-v-069,https://cdn.shopify.com/s/files/1/0515/4045/9679/products/mochi-shiro.jpg?v=1611098592,product-v-069,,0,active,1,,,1620,1620,,,,,,,,,,,,,,,,,,,,,,1620,1,,,,,,,,,,,,,,,,,,,,,,,,,,,,,,,,,,,,,,,,,,,
【北室白扇・素麺】極太！半田手延べめん（5kg箱ご購入時は常温便送料をキャッシュバック！）,product-v-070,https://cdn.shopify.com/s/files/1/0515/4045/9679/products/sm03_l.jpg?v=1656525634,product-v-070,,0,active,1,,,130,130,,,,,,,,,,,,,,,,,,,,,,130,1,,,,,,,,,,,,,,,,,,,,,,,,,,,,,,,,,,,,,,,,,,,
美味しいとうふ（きぬごし）,product-v-071,https://cdn.shopify.com/s/files/1/0515/4045/9679/products/tohu-kinugoshi.jpg?v=1611098608,product-v-071,,0,active,1,,,270,270,,,,,,,,,,,,,,,,,,,,,,270,1,,,,,,,,,,,,,,,,,,,,,,,,,,,,,,,,,,,,,,,,,,,
おねだりミニトマト（減農薬・農薬不使用）＊180g〜1kg、ドライ50g,product-v-072,https://cdn.shopify.com/s/files/1/0515/4045/9679/products/mini-tomato-200g.jpg?v=1611098025,product-v-072,,0,inactive,0,,,300,300,,,,,,,,,,,,,,,,,,,,,,300,1,,,,,,,,,,,,,,,,,,,,,,,,,,,,,,,,,,,,,,,,,,,
自然農ブロッコリーフ＊200g,product-v-073,https://cdn.shopify.com/s/files/1/0515/4045/9679/products/1.jpg?v=1641610659,product-v-073,,0,inactive,0,,,220,220,,,,,,,,,,,,,,,,,,,,,,220,1,,,,,,,,,,,,,,,,,,,,,,,,,,,,,,,,,,,,,,,,,,,
キャベツ（農薬不使用・減農薬）,product-v-074,https://cdn.shopify.com/s/files/1/0515/4045/9679/products/kyabetsu.jpg?v=1611098908,product-v-074,,0,inactive,0,,,300,300,,,,,,,,,,,,,,,,,,,,,,300,1,,,,,,,,,,,,,,,,,,,,,,,,,,,,,,,,,,,,,,,,,,,
農薬不使用紫キャベツ＊約１kg前後,product-v-075,https://cdn.shopify.com/s/files/1/0515/4045/9679/products/murasaki_cabetsu.jpg?v=1611712423,product-v-075,,0,inactive,0,,,300,300,,,,,,,,,,,,,,,,,,,,,,300,1,,,,,,,,,,,,,,,,,,,,,,,,,,,,,,,,,,,,,,,,,,,
春キャベツ,product-v-076,https://cdn.shopify.com/s/files/1/0515/4045/9679/products/gazou-junbichu_cdc23e61-8446-42e6-ba5e-13577f59f761.jpg?v=1611099445,product-v-076,,0,inactive,0,,,270,270,,,,,,,,,,,,,,,,,,,,,,270,1,,,,,,,,,,,,,,,,,,,,,,,,,,,,,,,,,,,,,,,,,,,
白菜（減農薬）,product-v-077,https://cdn.shopify.com/s/files/1/0515/4045/9679/products/hakusai.jpg?v=1611098573,product-v-077,,0,inactive,0,,,450,450,,,,,,,,,,,,,,,,,,,,,,450,1,,,,,,,,,,,,,,,,,,,,,,,,,,,,,,,,,,,,,,,,,,,
生たけのこ（農薬不使用）,product-v-078,https://cdn.shopify.com/s/files/1/0515/4045/9679/products/takenoko.jpg?v=1611098342,product-v-078,,0,inactive,0,,,750,750,,,,,,,,,,,,,,,,,,,,,,750,1,,,,,,,,,,,,,,,,,,,,,,,,,,,,,,,,,,,,,,,,,,,
減農薬大根＊１本（1〜1.5kg前後）,product-v-079,https://cdn.shopify.com/s/files/1/0515/4045/9679/products/daikon.jpg?v=1611099420,product-v-079,,0,inactive,0,,,270,270,,,,,,,,,,,,,,,,,,,,,,270,1,,,,,,,,,,,,,,,,,,,,,,,,,,,,,,,,,,,,,,,,,,,
【新米】籾貯蔵の自然栽培！令和４年度徳島県産あけぼの＊５〜２３kg,product-v-080,https://cdn.shopify.com/s/files/1/0515/4045/9679/products/haraya-akisakari1_618cfc3d-ff29-4608-99ce-c27d6f4b7325.jpg?v=1611097757,product-v-080,,0,inactive,0,,,3690,3690,,,,,,,,,,,,,,,,,,,,,,3690,1,,,,,,,,,,,,,,,,,,,,,,,,,,,,,,,,,,,,,,,,,,,
自然栽培白米甘酒＊1ℓ,product-v-081,https://cdn.shopify.com/s/files/1/0515/4045/9679/products/amazake.jpg?v=1611661541,product-v-081,,0,inactive,0,,,1400,1400,,,,,,,,,,,,,,,,,,,,,,1400,1,,,,,,,,,,,,,,,,,,,,,,,,,,,,,,,,,,,,,,,,,,,
自然栽培白米生米麹＊500g,product-v-082,https://cdn.shopify.com/s/files/1/0515/4045/9679/products/komekouji.jpg?v=1611661563,product-v-082,,0,inactive,0,,,750,750,,,,,,,,,,,,,,,,,,,,,,750,1,,,,,,,,,,,,,,,,,,,,,,,,,,,,,,,,,,,,,,,,,,,
令和４年度徳島県産自然農餅米＊1.5kg,product-v-083,https://cdn.shopify.com/s/files/1/0515/4045/9679/products/mochigome.jpg?v=1611659942,product-v-083,,0,active,1,,,1100,1100,,,,,,,,,,,,,,,,,,,,,,1100,1,,,,,,,,,,,,,,,,,,,,,,,,,,,,,,,,,,,,,,,,,,,
令和元年度自然農古代米【紫黒米（モチ）さよむらさき】,product-v-084,https://cdn.shopify.com/s/files/1/0515/4045/9679/products/sayomurasaki.jpg?v=1611660008,product-v-084,,0,inactive,0,,,864,864,,,,,,,,,,,,,,,,,,,,,,864,1,,,,,,,,,,,,,,,,,,,,,,,,,,,,,,,,,,,,,,,,,,,
そば米,product-v-085,https://cdn.shopify.com/s/files/1/0515/4045/9679/products/sobakome.jpg?v=1611658675,product-v-085,,0,inactive,0,,,810,810,,,,,,,,,,,,,,,,,,,,,,810,1,,,,,,,,,,,,,,,,,,,,,,,,,,,,,,,,,,,,,,,,,,,
濱さんとこのこだわり「秘蔵しょうゆ」☆360ml,product-v-086,https://cdn.shopify.com/s/files/1/0515/4045/9679/products/shouyu.jpg?v=1611661361,product-v-086,,0,inactive,0,,,980,980,,,,,,,,,,,,,,,,,,,,,,980,1,,,,,,,,,,,,,,,,,,,,,,,,,,,,,,,,,,,,,,,,,,,
生きた麹。無添加手づくり寒仕込み天然熟成醸造みそ☆750g,product-v-087,https://cdn.shopify.com/s/files/1/0515/4045/9679/products/miso.jpg?v=1611661478,product-v-087,,0,inactive,0,,,980,980,,,,,,,,,,,,,,,,,,,,,,980,1,,,,,,,,,,,,,,,,,,,,,,,,,,,,,,,,,,,,,,,,,,,
徳島の水！四國剣山天然水☆500ml,product-v-088,https://cdn.shopify.com/s/files/1/0515/4045/9679/products/tennensui_1.jpg?v=1611660619,product-v-088,,0,active,0,,,108,108,,,,,,,,,,,,,,,,,,,,,,108,1,,,,,,,,,,,,,,,,,,,,,,,,,,,,,,,,,,,,,,,,,,,
徳島の板こんにゃく,product-v-089,https://cdn.shopify.com/s/files/1/0515/4045/9679/products/konnyaku.jpg?v=1611660568,product-v-089,,0,inactive,0,,,165,165,,,,,,,,,,,,,,,,,,,,,,165,1,,,,,,,,,,,,,,,,,,,,,,,,,,,,,,,,,,,,,,,,,,,
無漂白モヤシ☆200g,product-v-090,https://cdn.shopify.com/s/files/1/0515/4045/9679/products/moyashi.jpg?v=1611661381,product-v-090,,0,active,0,,,54,54,,,,,,,,,,,,,,,,,,,,,,54,1,,,,,,,,,,,,,,,,,,,,,,,,,,,,,,,,,,,,,,,,,,,
徳島県吉野川のすじ青のり＊４g【単品時は送料200円に修正】,product-v-091,https://cdn.shopify.com/s/files/1/0515/4045/9679/products/49ca602d24db0a2b861050207369d3c6.jpg?v=1616586042,product-v-091,,0,active,1,,,500,500,,,,,,,,,,,,,,,,,,,,,,500,1,,,,,,,,,,,,,,,,,,,,,,,,,,,,,,,,,,,,,,,,,,,
【徳島県産小麦１００％】そうめん,product-v-092,https://cdn.shopify.com/s/files/1/0515/4045/9679/products/soumen.jpg?v=1611658004,product-v-092,,0,active,0,,,220,220,,,,,,,,,,,,,,,,,,,,,,220,1,,,,,,,,,,,,,,,,,,,,,,,,,,,,,,,,,,,,,,,,,,,
和歌山豆紀の納豆3パック,product-v-093,https://cdn.shopify.com/s/files/1/0515/4045/9679/products/natto.jpg?v=1611660183,product-v-093,,0,active,0,,,200,200,,,,,,,,,,,,,,,,,,,,,,200,1,,,,,,,,,,,,,,,,,,,,,,,,,,,,,,,,,,,,,,,,,,,
ツクヨミバジルソース,product-v-094,https://cdn.shopify.com/s/files/1/0515/4045/9679/products/basil_source_1.jpg?v=1611659332,product-v-094,,0,active,0,,,540,540,,,,,,,,,,,,,,,,,,,,,,540,1,,,,,,,,,,,,,,,,,,,,,,,,,,,,,,,,,,,,,,,,,,,
原木椎茸,product-v-095,https://cdn.shopify.com/s/files/1/0515/4045/9679/products/shiitake.jpg?v=1611661228,product-v-095,,0,inactive,0,,,360,360,,,,,,,,,,,,,,,,,,,,,,360,1,,,,,,,,,,,,,,,,,,,,,,,,,,,,,,,,,,,,,,,,,,,
プリプリキクラゲ（農薬不使用）,product-v-096,https://cdn.shopify.com/s/files/1/0515/4045/9679/products/kikurage.jpg?v=1611659675,product-v-096,,0,inactive,0,,,360,360,,,,,,,,,,,,,,,,,,,,,,360,1,,,,,,,,,,,,,,,,,,,,,,,,,,,,,,,,,,,,,,,,,,,
堀脇さんちのコリコリひらたけ＊150g,product-v-097,https://cdn.shopify.com/s/files/1/0515/4045/9679/products/hiratake.jpg?v=1611660296,product-v-097,,0,inactive,0,,,330,330,,,,,,,,,,,,,,,,,,,,,,330,1,,,,,,,,,,,,,,,,,,,,,,,,,,,,,,,,,,,,,,,,,,,
【賞味期限が近い為】じっくりコトコト煮た栗の渋皮煮,product-v-098,https://cdn.shopify.com/s/files/1/0515/4045/9679/products/kuri_shibukawani.jpg?v=1611658330,product-v-098,,0,active,0,,,2000,2000,,,,,,,,,,,,,,,,,,,,,,2000,1,,,,,,,,,,,,,,,,,,,,,,,,,,,,,,,,,,,,,,,,,,,
栗,product-v-099,https://cdn.shopify.com/s/files/1/0515/4045/9679/products/kuri.jpg?v=1611661151,product-v-099,,0,inactive,0,,,770,770,,,,,,,,,,,,,,,,,,,,,,770,1,,,,,,,,,,,,,,,,,,,,,,,,,,,,,,,,,,,,,,,,,,,
“とろり”と軟らかくて美味しい！種がほとんど無い阿波御所柿の干し柿３〜４個,product-v-100,https://cdn.shopify.com/s/files/1/0515/4045/9679/products/anpo_hoshigaki_5kg_1.jpg?v=1611657768,product-v-100,,0,inactive,0,,,540,540,,,,,,,,,,,,,,,,,,,,,,540,1,,,,,,,,,,,,,,,,,,,,,,,,,,,,,,,,,,,,,,,,,,,
イチジク,product-v-101,https://cdn.shopify.com/s/files/1/0515/4045/9679/products/ichijiku.jpg?v=1611658915,product-v-101,,0,inactive,0,,,500,500,,,,,,,,,,,,,,,,,,,,,,500,1,,,,,,,,,,,,,,,,,,,,,,,,,,,,,,,,,,,,,,,,,,,
キウイ（農薬不使用）,product-v-102,https://cdn.shopify.com/s/files/1/0515/4045/9679/products/kiwi.jpg?v=1611662407,product-v-102,,0,inactive,0,,,440,440,,,,,,,,,,,,,,,,,,,,,,440,1,,,,,,,,,,,,,,,,,,,,,,,,,,,,,,,,,,,,,,,,,,,
ブルーベリージャム,product-v-103,https://cdn.shopify.com/s/files/1/0515/4045/9679/products/blueberry_jam_1.jpg?v=1611659644,product-v-103,,0,active,0,,,1500,1500,,,,,,,,,,,,,,,,,,,,,,1500,1,,,,,,,,,,,,,,,,,,,,,,,,,,,,,,,,,,,,,,,,,,,
【9月5日（土）最終発送】自然農ブルーベリー,product-v-104,https://cdn.shopify.com/s/files/1/0515/4045/9679/products/blueberry_1.jpg?v=1611657960,product-v-104,,0,active,0,,,500,500,,,,,,,,,,,,,,,,,,,,,,500,1,,,,,,,,,,,,,,,,,,,,,,,,,,,,,,,,,,,,,,,,,,,
デラウェア葡萄,product-v-105,https://cdn.shopify.com/s/files/1/0515/4045/9679/products/derawea_budou.jpg?v=1611659391,product-v-105,,0,active,0,,,540,540,,,,,,,,,,,,,,,,,,,,,,540,1,,,,,,,,,,,,,,,,,,,,,,,,,,,,,,,,,,,,,,,,,,,
タカミレッドメロン１個,product-v-106,https://cdn.shopify.com/s/files/1/0515/4045/9679/products/takamireddomeron_e8bf15c8-664b-4571-8a49-6537c3ebf7f4.jpg?v=1611659274,product-v-106,,0,active,0,,,1080,1080,,,,,,,,,,,,,,,,,,,,,,1080,1,,,,,,,,,,,,,,,,,,,,,,,,,,,,,,,,,,,,,,,,,,,
【６月３０日（木）最終受注】吟子のタカミレッドメロン１箱５.５kg（３ヶ入１個約１.７５kg）,product-v-107,https://cdn.shopify.com/s/files/1/0515/4045/9679/products/takamireddomeron.jpg?v=1611658538,product-v-107,,0,active,0,,,3600,3600,,,,,,,,,,,,,,,,,,,,,,3600,1,,,,,,,,,,,,,,,,,,,,,,,,,,,,,,,,,,,,,,,,,,,
和フルーツ。柿,product-v-108,https://cdn.shopify.com/s/files/1/0515/4045/9679/products/kaki.jpg?v=1611660138,product-v-108,,0,inactive,0,,,500,500,,,,,,,,,,,,,,,,,,,,,,500,1,,,,,,,,,,,,,,,,,,,,,,,,,,,,,,,,,,,,,,,,,,,
梨（減農薬・自然農）＊600g〜約１kg【ご注文時注意事項有】,product-v-109,https://cdn.shopify.com/s/files/1/0515/4045/9679/products/nashi.jpg?v=1611661196,product-v-109,,0,inactive,0,,,850,850,,,,,,,,,,,,,,,,,,,,,,850,1,,,,,,,,,,,,,,,,,,,,,,,,,,,,,,,,,,,,,,,,,,,
農薬不使用桃２個＊約300g【ご注文時注意事項有】,product-v-110,https://cdn.shopify.com/s/files/1/0515/4045/9679/products/momo.jpg?v=1611657849,product-v-110,,0,inactive,0,,,550,550,,,,,,,,,,,,,,,,,,,,,,550,1,,,,,,,,,,,,,,,,,,,,,,,,,,,,,,,,,,,,,,,,,,,
【注文時注意事項有】シャインマスカット＊約１.２kg【前倒し可能性有8月5日（金）最終発送】,product-v-111,https://cdn.shopify.com/s/files/1/0515/4045/9679/products/shain_maskato_1kg_1.jpg?v=1611657884,product-v-111,,0,inactive,0,,,3980,3980,,,,,,,,,,,,,,,,,,,,,,3980,1,,,,,,,,,,,,,,,,,,,,,,,,,,,,,,,,,,,,,,,,,,,
温州ミカン☆10kg（重量は多少変わる場合がございます。）,product-v-112,https://cdn.shopify.com/s/files/1/0515/4045/9679/products/koume_fd54e877-ec37-4309-a0f7-4e6b30acb4c7.jpg?v=1611661326,product-v-112,,0,inactive,0,,,540,540,,,,,,,,,,,,,,,,,,,,,,540,1,,,,,,,,,,,,,,,,,,,,,,,,,,,,,,,,,,,,,,,,,,,
農薬不使用デコポン,product-v-113,https://cdn.shopify.com/s/files/1/0515/4045/9679/products/2cddd30b996f66af61bb04dd603eaa71.jpg?v=1616586009,product-v-113,,0,inactive,0,,,220,220,,,,,,,,,,,,,,,,,,,,,,220,1,,,,,,,,,,,,,,,,,,,,,,,,,,,,,,,,,,,,,,,,,,,
柚子,product-v-114,https://cdn.shopify.com/s/files/1/0515/4045/9679/products/yuzu_1.jpg?v=1611661113,product-v-114,,0,inactive,0,,,270,270,,,,,,,,,,,,,,,,,,,,,,270,1,,,,,,,,,,,,,,,,,,,,,,,,,,,,,,,,,,,,,,,,,,,
スダチ＊200g,product-v-115,https://cdn.shopify.com/s/files/1/0515/4045/9679/products/sudachi.jpg?v=1611659158,product-v-115,,0,inactive,0,,,270,270,,,,,,,,,,,,,,,,,,,,,,270,1,,,,,,,,,,,,,,,,,,,,,,,,,,,,,,,,,,,,,,,,,,,
小梅,product-v-116,https://cdn.shopify.com/s/files/1/0515/4045/9679/products/koume.jpg?v=1611660423,product-v-116,,0,active,0,,,540,540,,,,,,,,,,,,,,,,,,,,,,540,1,,,,,,,,,,,,,,,,,,,,,,,,,,,,,,,,,,,,,,,,,,,
黄梅,product-v-117,https://cdn.shopify.com/s/files/1/0515/4045/9679/products/kiume.jpg?v=1611662581,product-v-117,,0,active,0,,,600,600,,,,,,,,,,,,,,,,,,,,,,600,1,,,,,,,,,,,,,,,,,,,,,,,,,,,,,,,,,,,,,,,,,,,
梅干しセット【６月１０日（土）前後頃より順次発送】,product-v-118,https://cdn.shopify.com/s/files/1/0515/4045/9679/products/umeboshi_set_1.jpg?v=1611661180,product-v-118,,0,active,0,,,1100,1100,,,,,,,,,,,,,,,,,,,,,,1100,1,,,,,,,,,,,,,,,,,,,,,,,,,,,,,,,,,,,,,,,,,,,
【期間限定】農薬不使用南高梅M〜２Lサイズ＊１kg,product-v-119,https://cdn.shopify.com/s/files/1/0515/4045/9679/products/nankouume_1.jpg?v=1611658396,product-v-119,,0,inactive,0,,,1620,1620,,,,,,,,,,,,,,,,,,,,,,1620,1,,,,,,,,,,,,,,,,,,,,,,,,,,,,,,,,,,,,,,,,,,,
【期間限定】自然栽培の無選別青梅M〜Lサイズ前後＊１kg（配送日指定不可）,product-v-120,https://cdn.shopify.com/s/files/1/0515/4045/9679/products/aoume_1.jpg?v=1611658109,product-v-120,,0,inactive,0,,,1100,1100,,,,,,,,,,,,,,,,,,,,,,1100,1,,,,,,,,,,,,,,,,,,,,,,,,,,,,,,,,,,,,,,,,,,,
山椒＊100g,product-v-121,https://cdn.shopify.com/s/files/1/0515/4045/9679/products/sanshou.jpg?v=1611660480,product-v-121,,0,active,1,,,440,440,,,,,,,,,,,,,,,,,,,,,,440,1,,,,,,,,,,,,,,,,,,,,,,,,,,,,,,,,,,,,,,,,,,,
月胡麻（生）,product-v-122,https://cdn.shopify.com/s/files/1/0515/4045/9679/products/tsukigoma_1.jpg?v=1611660799,product-v-122,,0,active,0,,,660,660,,,,,,,,,,,,,,,,,,,,,,660,1,,,,,,,,,,,,,,,,,,,,,,,,,,,,,,,,,,,,,,,,,,,
【EDAMAME】枝豆（自然農・減農薬）＊200g,product-v-123,https://cdn.shopify.com/s/files/1/0515/4045/9679/products/edamame.jpg?v=1611657527,product-v-123,,0,active,1,,,360,360,,,,,,,,,,,,,,,,,,,,,,360,1,,,,,,,,,,,,,,,,,,,,,,,,,,,,,,,,,,,,,,,,,,,
【今だけ】農薬不使用そら豆＊600g,product-v-124,https://cdn.shopify.com/s/files/1/0515/4045/9679/products/soramame.jpg?v=1611659834,product-v-124,,0,inactive,0,,,500,500,,,,,,,,,,,,,,,,,,,,,,500,1,,,,,,,,,,,,,,,,,,,,,,,,,,,,,,,,,,,,,,,,,,,
【今だけ】自然農絹さやえんどう・スナップエンドウ＊100〜150g,product-v-125,https://cdn.shopify.com/s/files/1/0515/4045/9679/products/snapendou.jpg?v=1611661685,product-v-125,,0,inactive,0,,,270,270,,,,,,,,,,,,,,,,,,,,,,270,1,,,,,,,,,,,,,,,,,,,,,,,,,,,,,,,,,,,,,,,,,,,
減農薬インゲン＊150g,product-v-126,https://cdn.shopify.com/s/files/1/0515/4045/9679/products/ingen.jpg?v=1611661579,product-v-126,,0,inactive,0,,,270,270,,,,,,,,,,,,,,,,,,,,,,270,1,,,,,,,,,,,,,,,,,,,,,,,,,,,,,,,,,,,,,,,,,,,
バターナッツ１個,product-v-127,https://cdn.shopify.com/s/files/1/0515/4045/9679/products/batarnattsu.jpg?v=1611659493,product-v-127,,0,inactive,0,,,400,400,,,,,,,,,,,,,,,,,,,,,,400,1,,,,,,,,,,,,,,,,,,,,,,,,,,,,,,,,,,,,,,,,,,,
島かぼちゃ＊1kg（個体差があります）,product-v-128,https://cdn.shopify.com/s/files/1/0515/4045/9679/products/shimakabocha.jpg?v=1611660499,product-v-128,,0,inactive,0,,,330,330,,,,,,,,,,,,,,,,,,,,,,330,1,,,,,,,,,,,,,,,,,,,,,,,,,,,,,,,,,,,,,,,,,,,
１／２ズッキーニ（自然農）１本＊２００g〜,product-v-129,https://cdn.shopify.com/s/files/1/0515/4045/9679/products/zukini_1.jpg?v=1611662708,product-v-129,,0,inactive,0,,,180,180,,,,,,,,,,,,,,,,,,,,,,180,1,,,,,,,,,,,,,,,,,,,,,,,,,,,,,,,,,,,,,,,,,,,
減農薬カボチャ＊1／4カット〜１個（約１.５kg前後）,product-v-130,https://cdn.shopify.com/s/files/1/0515/4045/9679/products/kabocha_1.jpg?v=1611660100,product-v-130,,0,active,1,,,270,270,,,,,,,,,,,,,,,,,,,,,,270,1,,,,,,,,,,,,,,,,,,,,,,,,,,,,,,,,,,,,,,,,,,,
自然農オクラ＊100g,product-v-131,https://cdn.shopify.com/s/files/1/0515/4045/9679/products/okura.jpg?v=1611661628,product-v-131,,0,active,1,,,180,180,,,,,,,,,,,,,,,,,,,,,,180,1,,,,,,,,,,,,,,,,,,,,,,,,,,,,,,,,,,,,,,,,,,,
農薬不使用ゴーヤ（2本前後）,product-v-132,https://cdn.shopify.com/s/files/1/0515/4045/9679/products/goya.jpg?v=1611661656,product-v-132,,0,inactive,0,,,220,220,,,,,,,,,,,,,,,,,,,,,,220,1,,,,,,,,,,,,,,,,,,,,,,,,,,,,,,,,,,,,,,,,,,,
干し赤唐辛子（自然農）,product-v-133,https://cdn.shopify.com/s/files/1/0515/4045/9679/products/akahoshitougarashi.jpg?v=1611662058,product-v-133,,0,inactive,0,,,180,180,,,,,,,,,,,,,,,,,,,,,,180,1,,,,,,,,,,,,,,,,,,,,,,,,,,,,,,,,,,,,,,,,,,,
自然農甘長トウガラシ＊150g,product-v-134,https://cdn.shopify.com/s/files/1/0515/4045/9679/products/amanaga_tougarashi.jpg?v=1611662077,product-v-134,,0,active,1,,,220,220,,,,,,,,,,,,,,,,,,,,,,220,1,,,,,,,,,,,,,,,,,,,,,,,,,,,,,,,,,,,,,,,,,,,
自然農パプリカ１〜２個,product-v-135,https://cdn.shopify.com/s/files/1/0515/4045/9679/products/papurika.jpg?v=1611661846,product-v-135,,0,inactive,0,,,220,220,,,,,,,,,,,,,,,,,,,,,,220,1,,,,,,,,,,,,,,,,,,,,,,,,,,,,,,,,,,,,,,,,,,,
米ナス☆300g（重量は多少変わる場合がございます。）,product-v-136,https://cdn.shopify.com/s/files/1/0515/4045/9679/products/komenasu.jpg?v=1611661519,product-v-136,,0,inactive,0,,,220,220,,,,,,,,,,,,,,,,,,,,,,220,1,,,,,,,,,,,,,,,,,,,,,,,,,,,,,,,,,,,,,,,,,,,
ローフード仕様！水茄子４本前後,product-v-137,https://cdn.shopify.com/s/files/1/0515/4045/9679/products/mizunasu.jpg?v=1611659746,product-v-137,,0,inactive,0,,,220,220,,,,,,,,,,,,,,,,,,,,,,220,1,,,,,,,,,,,,,,,,,,,,,,,,,,,,,,,,,,,,,,,,,,,
翡翠（白）茄子１〜２本＊約300g前後,product-v-138,https://cdn.shopify.com/s/files/1/0515/4045/9679/products/shironasu.jpg?v=1611662166,product-v-138,,0,inactive,0,,,180,180,,,,,,,,,,,,,,,,,,,,,,180,1,,,,,,,,,,,,,,,,,,,,,,,,,,,,,,,,,,,,,,,,,,,
とろりんa.k.aロッサビアンコ,product-v-139,https://cdn.shopify.com/s/files/1/0515/4045/9679/products/tororin_aka_rossabianko_1.jpg?v=1611658763,product-v-139,,0,inactive,0,,,165,165,,,,,,,,,,,,,,,,,,,,,,165,1,,,,,,,,,,,,,,,,,,,,,,,,,,,,,,,,,,,,,,,,,,,
自然農調理・加工用トマト【シシリアンルージュ】＊200g〜1kg,product-v-140,https://cdn.shopify.com/s/files/1/0515/4045/9679/products/kakouyoutomato_natsunokoma.jpg?v=1611662250,product-v-140,,0,inactive,0,,,300,300,,,,,,,,,,,,,,,,,,,,,,300,1,,,,,,,,,,,,,,,,,,,,,,,,,,,,,,,,,,,,,,,,,,,
カラフルミニトマト,product-v-141,https://cdn.shopify.com/s/files/1/0515/4045/9679/products/karafuru_minitomato.jpg?v=1611659060,product-v-141,,0,active,0,,,300,300,,,,,,,,,,,,,,,,,,,,,,300,1,,,,,,,,,,,,,,,,,,,,,,,,,,,,,,,,,,,,,,,,,,,
フルーツトマト＊１kg,product-v-142,https://cdn.shopify.com/s/files/1/0515/4045/9679/products/norabona_f8dd0d4d-0475-4793-ab27-a553bf6db4e9.jpg?v=1611659603,product-v-142,,0,inactive,0,,,1550,1550,,,,,,,,,,,,,,,,,,,,,,1550,1,,,,,,,,,,,,,,,,,,,,,,,,,,,,,,,,,,,,,,,,,,,
トマトセット,product-v-143,https://cdn.shopify.com/s/files/1/0515/4045/9679/products/tomato_set_1.jpg?v=1611659427,product-v-143,,0,active,0,,,1000,1000,,,,,,,,,,,,,,,,,,,,,,1000,1,,,,,,,,,,,,,,,,,,,,,,,,,,,,,,,,,,,,,,,,,,,
【６月２９日木曜収穫】１５本！ヒゲも食べてね今だけベビーコーン,product-v-144,https://cdn.shopify.com/s/files/1/0515/4045/9679/products/babycone.jpg?v=1611658491,product-v-144,,0,inactive,0,,,220,220,,,,,,,,,,,,,,,,,,,,,,220,1,,,,,,,,,,,,,,,,,,,,,,,,,,,,,,,,,,,,,,,,,,,
減農薬スイートコーン３〜４本＊約900g,product-v-145,https://cdn.shopify.com/s/files/1/0515/4045/9679/products/sweetcone_1.jpg?v=1611659133,product-v-145,,0,active,1,,,750,750,,,,,,,,,,,,,,,,,,,,,,750,1,,,,,,,,,,,,,,,,,,,,,,,,,,,,,,,,,,,,,,,,,,,
【今だけ】農薬不使用スイートコーン『甘々娘』＊約300g（６月末〜７月頭頃発送予定＊前倒し可能性有）,product-v-146,https://cdn.shopify.com/s/files/1/0515/4045/9679/products/mirufiyu_sweetcone_hakoiri.jpg?v=1611658600,product-v-146,,0,inactive,0,,,220,220,,,,,,,,,,,,,,,,,,,,,,220,1,,,,,,,,,,,,,,,,,,,,,,,,,,,,,,,,,,,,,,,,,,,
春の七草セット【１月６日発送分のみ】,product-v-147,https://cdn.shopify.com/s/files/1/0515/4045/9679/products/haru_no_nanakusa_set.jpg?v=1611660770,product-v-147,,0,inactive,0,,,440,440,,,,,,,,,,,,,,,,,,,,,,440,1,,,,,,,,,,,,,,,,,,,,,,,,,,,,,,,,,,,,,,,,,,,
天然よもぎ（未調整・選別・乾燥）＊１０g〜５００g,product-v-148,https://cdn.shopify.com/s/files/1/0515/4045/9679/products/yomogi.jpg?v=1611659815,product-v-148,,0,active,1,,,300,300,,,,,,,,,,,,,,,,,,,,,,300,1,,,,,,,,,,,,,,,,,,,,,,,,,,,,,,,,,,,,,,,,,,,
こごみ,product-v-149,https://cdn.shopify.com/s/files/1/0515/4045/9679/products/kogomi.jpg?v=1611658631,product-v-149,,0,inactive,0,,,216,216,,,,,,,,,,,,,,,,,,,,,,216,1,,,,,,,,,,,,,,,,,,,,,,,,,,,,,,,,,,,,,,,,,,,
天然ワラビ＊150g,product-v-150,https://cdn.shopify.com/s/files/1/0515/4045/9679/products/warabi.jpg?v=1611660398,product-v-150,,0,active,1,,,330,330,,,,,,,,,,,,,,,,,,,,,,330,1,,,,,,,,,,,,,,,,,,,,,,,,,,,,,,,,,,,,,,,,,,,
お任せ山菜セット（重量は内容により変動いたします。）,product-v-151,https://cdn.shopify.com/s/files/1/0515/4045/9679/products/omakase_sansai_set.jpg?v=1611658189,product-v-151,,0,inactive,0,,,1100,1100,,,,,,,,,,,,,,,,,,,,,,1100,1,,,,,,,,,,,,,,,,,,,,,,,,,,,,,,,,,,,,,,,,,,,
ズイキ,product-v-152,https://cdn.shopify.com/s/files/1/0515/4045/9679/products/zuiki.jpg?v=1611659218,product-v-152,,0,inactive,0,,,200,200,,,,,,,,,,,,,,,,,,,,,,200,1,,,,,,,,,,,,,,,,,,,,,,,,,,,,,,,,,,,,,,,,,,,
三つ葉,product-v-153,https://cdn.shopify.com/s/files/1/0515/4045/9679/products/mitsuba.jpg?v=1611659799,product-v-153,,0,inactive,0,,,180,180,,,,,,,,,,,,,,,,,,,,,,180,1,,,,,,,,,,,,,,,,,,,,,,,,,,,,,,,,,,,,,,,,,,,
自然農バジル＊50g,product-v-154,https://cdn.shopify.com/s/files/1/0515/4045/9679/products/bajiru.jpg?v=1634345195,product-v-154,,0,inactive,0,,,180,180,,,,,,,,,,,,,,,,,,,,,,180,1,,,,,,,,,,,,,,,,,,,,,,,,,,,,,,,,,,,,,,,,,,,
赤シソ（自然農・農薬不使用）＊200〜350g,product-v-155,https://cdn.shopify.com/s/files/1/0515/4045/9679/products/akashiso.jpg?v=1611662279,product-v-155,,0,active,1,,,400,400,,,,,,,,,,,,,,,,,,,,,,400,1,,,,,,,,,,,,,,,,,,,,,,,,,,,,,,,,,,,,,,,,,,,
青シソ＊２０枚（自然農・農薬不使用）,product-v-156,https://cdn.shopify.com/s/files/1/0515/4045/9679/products/aoshiso.jpg?v=1611662304,product-v-156,,0,active,1,,,180,180,,,,,,,,,,,,,,,,,,,,,,180,1,,,,,,,,,,,,,,,,,,,,,,,,,,,,,,,,,,,,,,,,,,,
イタリアンパセリ,product-v-157,https://cdn.shopify.com/s/files/1/0515/4045/9679/products/iralian_paseri.jpg?v=1611658892,product-v-157,,0,inactive,0,,,165,165,,,,,,,,,,,,,,,,,,,,,,165,1,,,,,,,,,,,,,,,,,,,,,,,,,,,,,,,,,,,,,,,,,,,
パセリ（自然農・減農薬）,product-v-158,https://cdn.shopify.com/s/files/1/0515/4045/9679/products/paseri.jpg?v=1611659535,product-v-158,,0,inactive,0,,,180,180,,,,,,,,,,,,,,,,,,,,,,180,1,,,,,,,,,,,,,,,,,,,,,,,,,,,,,,,,,,,,,,,,,,,
セロリ（減農薬）,product-v-159,https://cdn.shopify.com/s/files/1/0515/4045/9679/products/serori.jpg?v=1611662430,product-v-159,,0,inactive,0,,,220,220,,,,,,,,,,,,,,,,,,,,,,220,1,,,,,,,,,,,,,,,,,,,,,,,,,,,,,,,,,,,,,,,,,,,
【今だけ】自然農ニンニクの芽＊100g,product-v-160,https://cdn.shopify.com/s/files/1/0515/4045/9679/products/ninniku_no_me.jpg?v=1611661770,product-v-160,,0,inactive,0,,,220,220,,,,,,,,,,,,,,,,,,,,,,220,1,,,,,,,,,,,,,,,,,,,,,,,,,,,,,,,,,,,,,,,,,,,
ニラ（自然農・減農薬）＊100g,product-v-161,https://cdn.shopify.com/s/files/1/0515/4045/9679/products/nira.jpg?v=1611662464,product-v-161,,0,active,1,,,220,220,,,,,,,,,,,,,,,,,,,,,,220,1,,,,,,,,,,,,,,,,,,,,,,,,,,,,,,,,,,,,,,,,,,,
農薬不使用アスパラガス＊100g,product-v-162,https://cdn.shopify.com/s/files/1/0515/4045/9679/products/asupara_1.jpg?v=1611658857,product-v-162,,0,active,1,,,280,280,,,,,,,,,,,,,,,,,,,,,,280,1,,,,,,,,,,,,,,,,,,,,,,,,,,,,,,,,,,,,,,,,,,,
自然農蕾菜（祝蕾）,product-v-163,https://cdn.shopify.com/s/files/1/0515/4045/9679/products/tsubomina.jpg?v=1611662216,product-v-163,,0,inactive,0,,,220,220,,,,,,,,,,,,,,,,,,,,,,220,1,,,,,,,,,,,,,,,,,,,,,,,,,,,,,,,,,,,,,,,,,,,
ノ・ラ・ボーナ,product-v-164,https://cdn.shopify.com/s/files/1/0515/4045/9679/products/norabona.jpg?v=1611659448,product-v-164,,0,inactive,0,,,180,180,,,,,,,,,,,,,,,,,,,,,,180,1,,,,,,,,,,,,,,,,,,,,,,,,,,,,,,,,,,,,,,,,,,,
ほんのりプチ塩アイスプラント,product-v-165,https://cdn.shopify.com/s/files/1/0515/4045/9679/products/aisu_plant.jpg?v=1611658804,product-v-165,,0,inactive,0,,,300,300,,,,,,,,,,,,,,,,,,,,,,300,1,,,,,,,,,,,,,,,,,,,,,,,,,,,,,,,,,,,,,,,,,,,
オカヒジキ,product-v-166,https://cdn.shopify.com/s/files/1/0515/4045/9679/products/okahijiki.jpg?v=1611658958,product-v-166,,0,inactive,0,,,165,165,,,,,,,,,,,,,,,,,,,,,,165,1,,,,,,,,,,,,,,,,,,,,,,,,,,,,,,,,,,,,,,,,,,,
自然農モロヘイヤ＊150g,product-v-167,https://cdn.shopify.com/s/files/1/0515/4045/9679/products/moroheiya.jpg?v=1611661879,product-v-167,,0,active,1,,,220,220,,,,,,,,,,,,,,,,,,,,,,220,1,,,,,,,,,,,,,,,,,,,,,,,,,,,,,,,,,,,,,,,,,,,
自然農ツルムラサキ＊200g,product-v-168,https://cdn.shopify.com/s/files/1/0515/4045/9679/products/tsurumurasaki.jpg?v=1611661744,product-v-168,,0,active,1,,,220,220,,,,,,,,,,,,,,,,,,,,,,220,1,,,,,,,,,,,,,,,,,,,,,,,,,,,,,,,,,,,,,,,,,,,
東南アジアのほうれん草！自然農空芯菜＊150g,product-v-169,https://cdn.shopify.com/s/files/1/0515/4045/9679/products/tounanajia_no_hourensou.jpg?v=1611660952,product-v-169,,0,active,1,,,220,220,,,,,,,,,,,,,,,,,,,,,,220,1,,,,,,,,,,,,,,,,,,,,,,,,,,,,,,,,,,,,,,,,,,,
自然農大根葉＊200g,product-v-170,https://cdn.shopify.com/s/files/1/0515/4045/9679/products/daikon_ha_2d5aa36f-3e6c-4ed3-8c71-014d8aae67a7.jpg?v=1611662016,product-v-170,,0,inactive,0,,,220,220,,,,,,,,,,,,,,,,,,,,,,220,1,,,,,,,,,,,,,,,,,,,,,,,,,,,,,,,,,,,,,,,,,,,
ルッコラ（自然農）,product-v-171,https://cdn.shopify.com/s/files/1/0515/4045/9679/products/rukkora.jpg?v=1611659707,product-v-171,,0,inactive,0,,,220,220,,,,,,,,,,,,,,,,,,,,,,220,1,,,,,,,,,,,,,,,,,,,,,,,,,,,,,,,,,,,,,,,,,,,
ロマネスコ,product-v-172,https://cdn.shopify.com/s/files/1/0515/4045/9679/products/romanesco.jpg?v=1611659720,product-v-172,,0,inactive,0,,,360,360,,,,,,,,,,,,,,,,,,,,,,360,1,,,,,,,,,,,,,,,,,,,,,,,,,,,,,,,,,,,,,,,,,,,
カリフローレ,product-v-173,https://cdn.shopify.com/s/files/1/0515/4045/9679/products/karifurore.jpg?v=1611659094,product-v-173,,0,inactive,0,,,220,220,,,,,,,,,,,,,,,,,,,,,,220,1,,,,,,,,,,,,,,,,,,,,,,,,,,,,,,,,,,,,,,,,,,,
カリフラワー,product-v-174,https://cdn.shopify.com/s/files/1/0515/4045/9679/products/karifurawar.jpg?v=1611659079,product-v-174,,0,inactive,0,,,360,360,,,,,,,,,,,,,,,,,,,,,,360,1,,,,,,,,,,,,,,,,,,,,,,,,,,,,,,,,,,,,,,,,,,,
農薬不使用黒キャベツ（カーボロネロ）＊150g,product-v-175,https://cdn.shopify.com/s/files/1/0515/4045/9679/products/kurokyabetsu.jpg?v=1611662515,product-v-175,,0,inactive,0,,,220,220,,,,,,,,,,,,,,,,,,,,,,220,1,,,,,,,,,,,,,,,,,,,,,,,,,,,,,,,,,,,,,,,,,,,
自然農ツクヨミサラダセット＊150g,product-v-176,https://cdn.shopify.com/s/files/1/0515/4045/9679/products/saradaset_1.jpg?v=1611661720,product-v-176,,0,inactive,0,,,220,220,,,,,,,,,,,,,,,,,,,,,,220,1,,,,,,,,,,,,,,,,,,,,,,,,,,,,,,,,,,,,,,,,,,,
無農薬「島」らっきょの塩漬け☆１kg,product-v-177,https://cdn.shopify.com/s/files/1/0515/4045/9679/products/shimarakkyou_no_shioduke.jpg?v=1611661407,product-v-177,,0,inactive,0,,,1500,1500,,,,,,,,,,,,,,,,,,,,,,1500,1,,,,,,,,,,,,,,,,,,,,,,,,,,,,,,,,,,,,,,,,,,,
今だけ！銀砂らっきょ,product-v-178,https://cdn.shopify.com/s/files/1/0515/4045/9679/products/ginsuna_rakkyou.jpg?v=1611659904,product-v-178,,0,inactive,0,,,1500,1500,,,,,,,,,,,,,,,,,,,,,,1500,1,,,,,,,,,,,,,,,,,,,,,,,,,,,,,,,,,,,,,,,,,,,
農薬不使用島らっきょう＊100g,product-v-179,https://cdn.shopify.com/s/files/1/0515/4045/9679/products/shimarakkyou.jpg?v=1611660553,product-v-179,,0,inactive,0,,,330,330,,,,,,,,,,,,,,,,,,,,,,330,1,,,,,,,,,,,,,,,,,,,,,,,,,,,,,,,,,,,,,,,,,,,
【欠品可能性有】みょうが,product-v-180,https://cdn.shopify.com/s/files/1/0515/4045/9679/products/myouga.jpg?v=1611658235,product-v-180,,0,inactive,0,,,220,220,,,,,,,,,,,,,,,,,,,,,,220,1,,,,,,,,,,,,,,,,,,,,,,,,,,,,,,,,,,,,,,,,,,,
１日１粒、生サプリ。無添加フルーツニンニク,product-v-181,https://cdn.shopify.com/s/files/1/0515/4045/9679/products/namasapuri_fruitninniku.jpg?v=1611662666,product-v-181,,0,inactive,0,,,1100,1100,,,,,,,,,,,,,,,,,,,,,,1100,1,,,,,,,,,,,,,,,,,,,,,,,,,,,,,,,,,,,,,,,,,,,
農薬不使用ニンニク＊バラ（約50g前後）,product-v-182,https://cdn.shopify.com/s/files/1/0515/4045/9679/products/ninniku_1.jpg?v=1674045854,product-v-182,,0,active,1,,,300,300,,,,,,,,,,,,,,,,,,,,,,300,1,,,,,,,,,,,,,,,,,,,,,,,,,,,,,,,,,,,,,,,,,,,
牛蒡１本＊約200g（個体差があります）,product-v-183,https://cdn.shopify.com/s/files/1/0515/4045/9679/products/gobou.jpg?v=1611661440,product-v-183,,0,inactive,0,,,220,220,,,,,,,,,,,,,,,,,,,,,,220,1,,,,,,,,,,,,,,,,,,,,,,,,,,,,,,,,,,,,,,,,,,,
農薬不使用ジャガイモ＊750〜800g,product-v-184,https://cdn.shopify.com/s/files/1/0515/4045/9679/products/akajaga.jpg?v=1611662329,product-v-184,,0,active,1,,,330,330,,,,,,,,,,,,,,,,,,,,,,330,1,,,,,,,,,,,,,,,,,,,,,,,,,,,,,,,,,,,,,,,,,,,
自然農春ジャガ＊１kg,product-v-185,https://cdn.shopify.com/s/files/1/0515/4045/9679/products/akijaga_dejima.jpg?v=1611662115,product-v-185,,0,inactive,0,,,400,400,,,,,,,,,,,,,,,,,,,,,,400,1,,,,,,,,,,,,,,,,,,,,,,,,,,,,,,,,,,,,,,,,,,,
農薬不使用赤玉ねぎ２〜３個＊500g,product-v-186,https://cdn.shopify.com/s/files/1/0515/4045/9679/products/akatamanegi.jpg?v=1611662486,product-v-186,,0,inactive,0,,,270,270,,,,,,,,,,,,,,,,,,,,,,270,1,,,,,,,,,,,,,,,,,,,,,,,,,,,,,,,,,,,,,,,,,,,
農薬不使用玉ねぎ＊550g〜１kg,product-v-187,https://cdn.shopify.com/s/files/1/0515/4045/9679/products/awajinotamanegi.jpg?v=1611661288,product-v-187,,0,active,1,,,330,330,,,,,,,,,,,,,,,,,,,,,,330,1,,,,,,,,,,,,,,,,,,,,,,,,,,,,,,,,,,,,,,,,,,,
自然農固定種玉ねぎ＊約１kg,product-v-188,https://cdn.shopify.com/s/files/1/0515/4045/9679/products/koteishu_tamanegi_1.jpg?v=1611661996,product-v-188,,0,inactive,0,,,300,300,,,,,,,,,,,,,,,,,,,,,,300,1,,,,,,,,,,,,,,,,,,,,,,,,,,,,,,,,,,,,,,,,,,,
切り干し人参,product-v-189,https://cdn.shopify.com/s/files/1/0515/4045/9679/products/kiriboshininjin.jpg?v=1611660053,product-v-189,,0,inactive,0,,,220,220,,,,,,,,,,,,,,,,,,,,,,220,1,,,,,,,,,,,,,,,,,,,,,,,,,,,,,,,,,,,,,,,,,,,
自然農人参＊450〜500g,product-v-190,https://cdn.shopify.com/s/files/1/0515/4045/9679/products/ninjin_1.jpg?v=1611661927,product-v-190,,0,inactive,0,,,270,270,,,,,,,,,,,,,,,,,,,,,,270,1,,,,,,,,,,,,,,,,,,,,,,,,,,,,,,,,,,,,,,,,,,,
自然農ラディッシュ,product-v-191,https://cdn.shopify.com/s/files/1/0515/4045/9679/products/radhisshu.jpg?v=1611661901,product-v-191,,0,inactive,0,,,220,220,,,,,,,,,,,,,,,,,,,,,,220,1,,,,,,,,,,,,,,,,,,,,,,,,,,,,,,,,,,,,,,,,,,,
切り干し大根（減農薬）,product-v-192,https://cdn.shopify.com/s/files/1/0515/4045/9679/products/kiriboshidaikon.jpg?v=1611660065,product-v-192,,0,inactive,0,,,270,270,,,,,,,,,,,,,,,,,,,,,,270,1,,,,,,,,,,,,,,,,,,,,,,,,,,,,,,,,,,,,,,,,,,,
King of サツマイモ！鳴門金時,product-v-193,https://cdn.shopify.com/s/files/1/0515/4045/9679/products/narutokintoki_ippon.jpg?v=1611657642,product-v-193,,0,inactive,0,,,300,300,,,,,,,,,,,,,,,,,,,,,,300,1,,,,,,,,,,,,,,,,,,,,,,,,,,,,,,,,,,,,,,,,,,,
【シルクスイート】農薬不使用さつま芋＊約450〜500g,product-v-194,https://cdn.shopify.com/s/files/1/0515/4045/9679/products/1.png?v=1637654272,product-v-194,,0,inactive,0,,,350,350,,,,,,,,,,,,,,,,,,,,,,350,1,,,,,,,,,,,,,,,,,,,,,,,,,,,,,,,,,,,,,,,,,,,
さくら茶☆【数量限定！】,product-v-195,https://cdn.shopify.com/s/files/1/0515/4045/9679/products/sakuracha.jpg?v=1611658656,product-v-195,,0,inactive,0,,,270,270,,,,,,,,,,,,,,,,,,,,,,270,1,,,,,,,,,,,,,,,,,,,,,,,,,,,,,,,,,,,,,,,,,,,
地鶏の旨み（阿波尾鶏の削り節）,product-v-196,https://cdn.shopify.com/s/files/1/0515/4045/9679/products/zidorinoumami_1.jpg?v=1611660252,product-v-196,,0,active,0,,,770,770,,,,,,,,,,,,,,,,,,,,,,770,1,,,,,,,,,,,,,,,,,,,,,,,,,,,,,,,,,,,,,,,,,,,
徳島小麦のパンケーキミックス,product-v-197,https://cdn.shopify.com/s/files/1/0515/4045/9679/products/pancakemix_1.jpg?v=1611660645,product-v-197,,0,active,0,,,650,650,,,,,,,,,,,,,,,,,,,,,,650,1,,,,,,,,,,,,,,,,,,,,,,,,,,,,,,,,,,,,,,,,,,,
100%無添加純粋蜂蜜＊500g,product-v-198,https://cdn.shopify.com/s/files/1/0515/4045/9679/products/hachimitsu_1.jpg?v=1611657444,product-v-198,,0,inactive,0,,,3000,3000,,,,,,,,,,,,,,,,,,,,,,3000,1,,,,,,,,,,,,,,,,,,,,,,,,,,,,,,,,,,,,,,,,,,,
令和４年度自然農古代米【赤米】（自然農）,product-v-199,https://cdn.shopify.com/s/files/1/0515/4045/9679/products/akamai.jpg?v=1611098043,product-v-199,,0,inactive,0,,,680,680,,,,,,,,,,,,,,,,,,,,,,680,1,,,,,,,,,,,,,,,,,,,,,,,,,,,,,,,,,,,,,,,,,,,
令和３年度自然農古代米【黒米】（自然農）,product-v-200,https://cdn.shopify.com/s/files/1/0515/4045/9679/products/kuromai.jpg?v=1611098053,product-v-200,,0,inactive,0,,,680,680,,,,,,,,,,,,,,,,,,,,,,680,1,,,,,,,,,,,,,,,,,,,,,,,,,,,,,,,,,,,,,,,,,,,
阿波ポーク〜ミンチ,product-v-201,https://cdn.shopify.com/s/files/1/0515/4045/9679/products/minch.jpg?v=1611099083,product-v-201,,0,active,1,,,800,800,,,,,,,,,,,,,,,,,,,,,,800,1,,,,,,,,,,,,,,,,,,,,,,,,,,,,,,,,,,,,,,,,,,,
阿波ポーク〜バラ（しゃぶしゃぶ用・生姜焼き用・豚カツ用４切れ・ブロック）,product-v-202,https://cdn.shopify.com/s/files/1/0515/4045/9679/products/bara1.jpg?v=1611099067,product-v-202,,0,active,1,,,1500,1500,,,,,,,,,,,,,,,,,,,,,,1500,1,,,,,,,,,,,,,,,,,,,,,,,,,,,,,,,,,,,,,,,,,,,
阿波ポーク〜ロース（しゃぶしゃぶ用・生姜焼き用・豚カツ用４切れ・ブロック）,product-v-203,https://cdn.shopify.com/s/files/1/0515/4045/9679/products/awa-pork-rousu1.jpg?v=1611099096,product-v-203,,0,active,1,,,1500,1500,,,,,,,,,,,,,,,,,,,,,,1500,1,,,,,,,,,,,,,,,,,,,,,,,,,,,,,,,,,,,,,,,,,,,
鶏ミンチ＊約５００g,product-v-204,https://cdn.shopify.com/s/files/1/0515/4045/9679/products/210303_8.jpg?v=1615203649,product-v-204,,0,active,1,,,540,540,,,,,,,,,,,,,,,,,,,,,,540,1,,,,,,,,,,,,,,,,,,,,,,,,,,,,,,,,,,,,,,,,,,,
手羽先＊約５００g,product-v-205,https://cdn.shopify.com/s/files/1/0515/4045/9679/products/d8bc4107be50a3bd088e18fadb97ffbb.jpg?v=1615203851,product-v-205,,0,active,1,,,540,540,,,,,,,,,,,,,,,,,,,,,,540,1,,,,,,,,,,,,,,,,,,,,,,,,,,,,,,,,,,,,,,,,,,,
手羽元＊約５００g,product-v-206,https://cdn.shopify.com/s/files/1/0515/4045/9679/products/254da0f1564976af8e0fa04374d4cb71.jpg?v=1615203813,product-v-206,,0,active,1,,,540,540,,,,,,,,,,,,,,,,,,,,,,540,1,,,,,,,,,,,,,,,,,,,,,,,,,,,,,,,,,,,,,,,,,,,
ササミ＊約５００g,product-v-207,https://cdn.shopify.com/s/files/1/0515/4045/9679/products/210303_7.jpg?v=1615203729,product-v-207,,0,active,1,,,800,800,,,,,,,,,,,,,,,,,,,,,,800,1,,,,,,,,,,,,,,,,,,,,,,,,,,,,,,,,,,,,,,,,,,,
若鶏ムネ（ブロック・唐揚げ用）＊約５００g,product-v-208,https://cdn.shopify.com/s/files/1/0515/4045/9679/products/8a9b45995b370b842df9eb38acef530b.jpg?v=1615204031,product-v-208,,0,active,1,,,540,540,,,,,,,,,,,,,,,,,,,,,,540,1,,,,,,,,,,,,,,,,,,,,,,,,,,,,,,,,,,,,,,,,,,,
阿波尾鶏〜モモ（ブロック・唐揚げ用）,product-v-209,https://cdn.shopify.com/s/files/1/0515/4045/9679/products/cae16a6ca2e0107fd5f8a5c7ad3dfbba.jpg?v=1615204121,product-v-209,,0,active,1,,,1500,1500,,,,,,,,,,,,,,,,,,,,,,1500,1,,,,,,,,,,,,,,,,,,,,,,,,,,,,,,,,,,,,,,,,,,,
【日時指定不可】ボーンブロスに神山鶏がら（小分け900g単位と10kgのいずれかをお選びください）,product-v-210,https://cdn.shopify.com/s/files/1/0515/4045/9679/products/kamiyama-torigara.jpg?v=1611098012,product-v-210,,0,active,1,,,650,650,,,,,,,,,,,,,,,,,,,,,,650,1,,,,,,,,,,,,,,,,,,,,,,,,,,,,,,,,,,,,,,,,,,,
美味しいとうふ（もめん）,product-v-211,https://cdn.shopify.com/s/files/1/0515/4045/9679/products/touhu-momen.jpg?v=1611098614,product-v-211,,0,active,1,,,270,270,,,,,,,,,,,,,,,,,,,,,,270,1,,,,,,,,,,,,,,,,,,,,,,,,,,,,,,,,,,,,,,,,,,,
極上煮干,product-v-212,https://cdn.shopify.com/s/files/1/0515/4045/9679/products/niboshi.jpg?v=1611098298,product-v-212,,0,active,1,,,980,980,,,,,,,,,,,,,,,,,,,,,,980,1,,,,,,,,,,,,,,,,,,,,,,,,,,,,,,,,,,,,,,,,,,,
天然の健康食品。和田島ちりめん,product-v-213,https://cdn.shopify.com/s/files/1/0515/4045/9679/products/chirimen.jpg?v=1611098171,product-v-213,,0,active,1,,,660,660,,,,,,,,,,,,,,,,,,,,,,660,1,,,,,,,,,,,,,,,,,,,,,,,,,,,,,,,,,,,,,,,,,,,
徳島ひじき＊２５g【単品時は送料200円に修正】,product-v-214,https://cdn.shopify.com/s/files/1/0515/4045/9679/products/hijiki1.jpg?v=1611098229,product-v-214,,0,active,1,,,440,440,,,,,,,,,,,,,,,,,,,,,,440,1,,,,,,,,,,,,,,,,,,,,,,,,,,,,,,,,,,,,,,,,,,,
阿波ぬら徳島のばら干し海苔＊１１g【単品時は送料200円に修正】,product-v-215,https://cdn.shopify.com/s/files/1/0515/4045/9679/products/hoshi-nori1.jpg?v=1611099048,product-v-215,,0,active,1,,,400,400,,,,,,,,,,,,,,,,,,,,,,400,1,,,,,,,,,,,,,,,,,,,,,,,,,,,,,,,,,,,,,,,,,,,
徳島の海苔（８枚）【単品時は送料200円に修正】,product-v-216,https://cdn.shopify.com/s/files/1/0515/4045/9679/products/nori1.jpg?v=1611098216,product-v-216,,0,active,1,,,400,400,,,,,,,,,,,,,,,,,,,,,,400,1,,,,,,,,,,,,,,,,,,,,,,,,,,,,,,,,,,,,,,,,,,,
徳島県椿泊産無添加塩蔵天然ワカメ！【クール便指定商品】,product-v-217,https://cdn.shopify.com/s/files/1/0515/4045/9679/products/tennnen-wakame1.jpg?v=1611098242,product-v-217,,0,active,1,,,500,500,,,,,,,,,,,,,,,,,,,,,,500,1,,,,,,,,,,,,,,,,,,,,,,,,,,,,,,,,,,,,,,,,,,,
日本一の美味さ！NARUTOのワカメ,product-v-218,https://cdn.shopify.com/s/files/1/0515/4045/9679/products/naruto-wakame.jpg?v=1611098279,product-v-218,,0,active,1,,,1300,1300,,,,,,,,,,,,,,,,,,,,,,1300,1,,,,,,,,,,,,,,,,,,,,,,,,,,,,,,,,,,,,,,,,,,,
干し原木椎茸（農薬不使用）,product-v-219,https://cdn.shopify.com/s/files/1/0515/4045/9679/products/morimoto-shitake.jpg?v=1611098285,product-v-219,,0,active,1,,,440,440,,,,,,,,,,,,,,,,,,,,,,440,1,,,,,,,,,,,,,,,,,,,,,,,,,,,,,,,,,,,,,,,,,,,
なめこ（農薬不使用）,product-v-220,https://cdn.shopify.com/s/files/1/0515/4045/9679/products/nameko.jpg?v=1611097930,product-v-220,,0,inactive,0,,,270,270,,,,,,,,,,,,,,,,,,,,,,270,1,,,,,,,,,,,,,,,,,,,,,,,,,,,,,,,,,,,,,,,,,,,
堀脇さんちの肉厚椎茸（農薬不使用）＊約250g,product-v-221,https://cdn.shopify.com/s/files/1/0515/4045/9679/products/tsukawaki-shiitake.jpg?v=1611098136,product-v-221,,0,inactive,0,,,480,480,,,,,,,,,,,,,,,,,,,,,,480,1,,,,,,,,,,,,,,,,,,,,,,,,,,,,,,,,,,,,,,,,,,,
大谷さんちの椎茸（農薬不使用）,product-v-222,https://cdn.shopify.com/s/files/1/0515/4045/9679/products/otani-shiitake.jpg?v=1611098156,product-v-222,,0,active,1,,,300,300,,,,,,,,,,,,,,,,,,,,,,300,1,,,,,,,,,,,,,,,,,,,,,,,,,,,,,,,,,,,,,,,,,,,
【数量限定】美味しいイチゴ（農薬不使用・減農薬）,product-v-223,https://cdn.shopify.com/s/files/1/0515/4045/9679/products/ichigo.jpg?v=1611098629,product-v-223,,0,inactive,0,,,700,700,,,,,,,,,,,,,,,,,,,,,,700,1,,,,,,,,,,,,,,,,,,,,,,,,,,,,,,,,,,,,,,,,,,,
自然農温州ミカン＊500g〜1kg,product-v-224,https://cdn.shopify.com/s/files/1/0515/4045/9679/products/mikan1.jpg?v=1611098804,product-v-224,,0,inactive,0,,,360,360,,,,,,,,,,,,,,,,,,,,,,360,1,,,,,,,,,,,,,,,,,,,,,,,,,,,,,,,,,,,,,,,,,,,
農薬不使用レモン,product-v-225,https://cdn.shopify.com/s/files/1/0515/4045/9679/products/lemon.jpg?v=1611098958,product-v-225,,0,inactive,0,,,270,270,,,,,,,,,,,,,,,,,,,,,,270,1,,,,,,,,,,,,,,,,,,,,,,,,,,,,,,,,,,,,,,,,,,,
銀杏（農薬不使用）,product-v-226,https://cdn.shopify.com/s/files/1/0515/4045/9679/products/ginnnan.jpg?v=1611099011,product-v-226,,0,inactive,0,,,660,660,,,,,,,,,,,,,,,,,,,,,,660,1,,,,,,,,,,,,,,,,,,,,,,,,,,,,,,,,,,,,,,,,,,,
自然農黒大豆・白大豆,product-v-227,https://cdn.shopify.com/s/files/1/0515/4045/9679/products/kuromame.jpg?v=1611098845,product-v-227,,0,inactive,0,,,500,500,,,,,,,,,,,,,,,,,,,,,,500,1,,,,,,,,,,,,,,,,,,,,,,,,,,,,,,,,,,,,,,,,,,,
自然農素煎り落花生（ピーナッツ）＊200g,product-v-228,https://cdn.shopify.com/s/files/1/0515/4045/9679/products/peenuts1.jpg?v=1611098835,product-v-228,,0,inactive,0,,,800,800,,,,,,,,,,,,,,,,,,,,,,800,1,,,,,,,,,,,,,,,,,,,,,,,,,,,,,,,,,,,,,,,,,,,
胡瓜３本以上（自然農・減農薬）＊350g〜,product-v-229,https://cdn.shopify.com/s/files/1/0515/4045/9679/products/kyuuri.jpg?v=1611098655,product-v-229,,0,active,1,,,270,270,,,,,,,,,,,,,,,,,,,,,,270,1,,,,,,,,,,,,,,,,,,,,,,,,,,,,,,,,,,,,,,,,,,,
自然農ピーマン＊約200g,product-v-230,https://cdn.shopify.com/s/files/1/0515/4045/9679/products/peeman.jpg?v=1611097980,product-v-230,,0,active,1,,,270,270,,,,,,,,,,,,,,,,,,,,,,270,1,,,,,,,,,,,,,,,,,,,,,,,,,,,,,,,,,,,,,,,,,,,
茄子（減農薬・自然農）＊400g〜,product-v-231,https://cdn.shopify.com/s/files/1/0515/4045/9679/products/nasu.jpg?v=1611098883,product-v-231,,0,active,1,,,270,270,,,,,,,,,,,,,,,,,,,,,,270,1,,,,,,,,,,,,,,,,,,,,,,,,,,,,,,,,,,,,,,,,,,,
フルーツトマト（農薬不使用）＊フレッシュ200g、ドライ40g,product-v-232,https://cdn.shopify.com/s/files/1/0515/4045/9679/products/fruit-tomato.jpg?v=1611097993,product-v-232,,0,inactive,0,,,400,400,,,,,,,,,,,,,,,,,,,,,,400,1,,,,,,,,,,,,,,,,,,,,,,,,,,,,,,,,,,,,,,,,,,,
渋谷さんちのトマト（農薬不使用）＊400〜450g,product-v-233,https://cdn.shopify.com/s/files/1/0515/4045/9679/products/shibuya-tomato1.jpg?v=1611098314,product-v-233,,0,active,1,,,500,500,,,,,,,,,,,,,,,,,,,,,,500,1,,,,,,,,,,,,,,,,,,,,,,,,,,,,,,,,,,,,,,,,,,,
ゆかり＊３５g【単品時は送料200円に修正】,product-v-234,https://cdn.shopify.com/s/files/1/0515/4045/9679/products/yukari.jpg?v=1611097939,product-v-234,,0,active,1,,,360,360,,,,,,,,,,,,,,,,,,,,,,360,1,,,,,,,,,,,,,,,,,,,,,,,,,,,,,,,,,,,,,,,,,,,
自然農ローリエ,product-v-235,https://cdn.shopify.com/s/files/1/0515/4045/9679/products/roorie.jpg?v=1611098768,product-v-235,,0,active,1,,,165,165,,,,,,,,,,,,,,,,,,,,,,165,1,,,,,,,,,,,,,,,,,,,,,,,,,,,,,,,,,,,,,,,,,,,
自然農ローズマリー＊20g,product-v-236,https://cdn.shopify.com/s/files/1/0515/4045/9679/products/roe-marry.jpg?v=1611098753,product-v-236,,0,active,1,,,200,200,,,,,,,,,,,,,,,,,,,,,,200,1,,,,,,,,,,,,,,,,,,,,,,,,,,,,,,,,,,,,,,,,,,,
ハマるなキケン自然農パクチー（葉っぱ）,product-v-237,https://cdn.shopify.com/s/files/1/0515/4045/9679/products/pakuchee.jpg?v=1611097980,product-v-237,,0,inactive,0,,,220,220,,,,,,,,,,,,,,,,,,,,,,220,1,,,,,,,,,,,,,,,,,,,,,,,,,,,,,,,,,,,,,,,,,,,
菜の花（農薬不使用）＊130g,product-v-238,https://cdn.shopify.com/s/files/1/0515/4045/9679/products/nanohana.jpg?v=1611098826,product-v-238,,0,inactive,0,,,220,220,,,,,,,,,,,,,,,,,,,,,,220,1,,,,,,,,,,,,,,,,,,,,,,,,,,,,,,,,,,,,,,,,,,,
自然農わさび菜,product-v-239,https://cdn.shopify.com/s/files/1/0515/4045/9679/products/2b0288515064a93930aa084172569658.jpg?v=1642138711,product-v-239,,0,inactive,0,,,220,220,,,,,,,,,,,,,,,,,,,,,,220,1,,,,,,,,,,,,,,,,,,,,,,,,,,,,,,,,,,,,,,,,,,,
色を食べよう自然農スイスチャード＊150g,product-v-240,https://cdn.shopify.com/s/files/1/0515/4045/9679/products/suisu-chard.jpg?v=1611098861,product-v-240,,0,inactive,0,,,220,220,,,,,,,,,,,,,,,,,,,,,,220,1,,,,,,,,,,,,,,,,,,,,,,,,,,,,,,,,,,,,,,,,,,,
春菊（減農薬）＊150〜200g,product-v-241,https://cdn.shopify.com/s/files/1/0515/4045/9679/products/syungiku.jpg?v=1611098784,product-v-241,,0,inactive,0,,,270,270,,,,,,,,,,,,,,,,,,,,,,270,1,,,,,,,,,,,,,,,,,,,,,,,,,,,,,,,,,,,,,,,,,,,
減農薬水菜＊200g,product-v-242,https://cdn.shopify.com/s/files/1/0515/4045/9679/products/mizuna.jpg?v=1611098304,product-v-242,,0,inactive,0,,,270,270,,,,,,,,,,,,,,,,,,,,,,270,1,,,,,,,,,,,,,,,,,,,,,,,,,,,,,,,,,,,,,,,,,,,
減農薬ほうれん草＊200g,product-v-243,https://cdn.shopify.com/s/files/1/0515/4045/9679/products/hourensou_siro.png?v=1636186127,product-v-243,,0,inactive,0,,,270,270,,,,,,,,,,,,,,,,,,,,,,270,1,,,,,,,,,,,,,,,,,,,,,,,,,,,,,,,,,,,,,,,,,,,
【欠品可能性有】小松菜（減農薬）＊２００g,product-v-244,https://cdn.shopify.com/s/files/1/0515/4045/9679/products/komatsuna.jpg?v=1611098175,product-v-244,,0,active,1,,,250,250,,,,,,,,,,,,,,,,,,,,,,250,1,,,,,,,,,,,,,,,,,,,,,,,,,,,,,,,,,,,,,,,,,,,
チンゲンサイ＊200g,product-v-245,https://cdn.shopify.com/s/files/1/0515/4045/9679/products/chingensai.jpg?v=1611097967,product-v-245,,0,inactive,0,,,270,270,,,,,,,,,,,,,,,,,,,,,,270,1,,,,,,,,,,,,,,,,,,,,,,,,,,,,,,,,,,,,,,,,,,,
自然農スティックブロッコリー,product-v-246,https://cdn.shopify.com/s/files/1/0515/4045/9679/products/stick-brokoru_d1c59941-8cb8-43c0-9c75-40bb783b1b15.jpg?v=1641610885,product-v-246,,0,inactive,0,,,270,270,,,,,,,,,,,,,,,,,,,,,,270,1,,,,,,,,,,,,,,,,,,,,,,,,,,,,,,,,,,,,,,,,,,,
ブロッコリー（減農薬・自然農）＊１本,product-v-247,https://cdn.shopify.com/s/files/1/0515/4045/9679/products/burokori.jpg?v=1611097993,product-v-247,,0,inactive,0,,,270,270,,,,,,,,,,,,,,,,,,,,,,270,1,,,,,,,,,,,,,,,,,,,,,,,,,,,,,,,,,,,,,,,,,,,
サニーレタスorリーフレタス＊約200g,product-v-248,https://cdn.shopify.com/s/files/1/0515/4045/9679/products/sunnyletasu.jpg?v=1611098920,product-v-248,,0,inactive,0,,,270,270,,,,,,,,,,,,,,,,,,,,,,270,1,,,,,,,,,,,,,,,,,,,,,,,,,,,,,,,,,,,,,,,,,,,
減農薬レタス＊１玉,product-v-249,https://cdn.shopify.com/s/files/1/0515/4045/9679/products/letasu.jpg?v=1611099416,product-v-249,,0,inactive,0,,,330,330,,,,,,,,,,,,,,,,,,,,,,330,1,,,,,,,,,,,,,,,,,,,,,,,,,,,,,,,,,,,,,,,,,,,
美味しい芽キャベツ、プチヴェール（農薬不使用）,product-v-250,https://cdn.shopify.com/s/files/1/0515/4045/9679/products/me-kyabetsu.jpg?v=1611098648,product-v-250,,0,inactive,0,,,270,270,,,,,,,,,,,,,,,,,,,,,,270,1,,,,,,,,,,,,,,,,,,,,,,,,,,,,,,,,,,,,,,,,,,,
自然農サラダケール,product-v-251,https://cdn.shopify.com/s/files/1/0515/4045/9679/products/sarada-keeru.jpg?v=1611098705,product-v-251,,0,inactive,0,,,220,220,,,,,,,,,,,,,,,,,,,,,,220,1,,,,,,,,,,,,,,,,,,,,,,,,,,,,,,,,,,,,,,,,,,,
唐渡さんちのサラダ水菜（農薬不使用）,product-v-252,https://cdn.shopify.com/s/files/1/0515/4045/9679/products/sarada-mizuna.jpg?v=1611098087,product-v-252,,0,inactive,0,,,220,220,,,,,,,,,,,,,,,,,,,,,,220,1,,,,,,,,,,,,,,,,,,,,,,,,,,,,,,,,,,,,,,,,,,,
唐渡さんちのサラダホウレン草（農薬不使用）,product-v-253,https://cdn.shopify.com/s/files/1/0515/4045/9679/products/sarada-hourensou.jpg?v=1611098084,product-v-253,,0,inactive,0,,,220,220,,,,,,,,,,,,,,,,,,,,,,220,1,,,,,,,,,,,,,,,,,,,,,,,,,,,,,,,,,,,,,,,,,,,
切るだけお手軽サラダセット（農薬不使用）,product-v-254,https://cdn.shopify.com/s/files/1/0515/4045/9679/products/saradaset.jpg?v=1611098081,product-v-254,,0,inactive,0,,,220,220,,,,,,,,,,,,,,,,,,,,,,220,1,,,,,,,,,,,,,,,,,,,,,,,,,,,,,,,,,,,,,,,,,,,
減農薬生姜＊約150g,product-v-255,https://cdn.shopify.com/s/files/1/0515/4045/9679/products/ae960255166418fbd0d022b092488927.jpg?v=1637819622,product-v-255,,0,inactive,0,,,330,330,,,,,,,,,,,,,,,,,,,,,,330,1,,,,,,,,,,,,,,,,,,,,,,,,,,,,,,,,,,,,,,,,,,,
自然農菊芋＊250〜500g,product-v-256,https://cdn.shopify.com/s/files/1/0515/4045/9679/products/kikuimo.jpg?v=1611098807,product-v-256,,0,inactive,0,,,330,330,,,,,,,,,,,,,,,,,,,,,,330,1,,,,,,,,,,,,,,,,,,,,,,,,,,,,,,,,,,,,,,,,,,,
自然農ヤーコン＊450〜500g,product-v-257,https://cdn.shopify.com/s/files/1/0515/4045/9679/products/yakon.jpg?v=1611098740,product-v-257,,0,inactive,0,,,500,500,,,,,,,,,,,,,,,,,,,,,,500,1,,,,,,,,,,,,,,,,,,,,,,,,,,,,,,,,,,,,,,,,,,,
自然薯（農薬不使用）,product-v-258,https://cdn.shopify.com/s/files/1/0515/4045/9679/products/yamaimo.jpg?v=1611098974,product-v-258,,0,inactive,0,,,980,980,,,,,,,,,,,,,,,,,,,,,,980,1,,,,,,,,,,,,,,,,,,,,,,,,,,,,,,,,,,,,,,,,,,,
里芋（減農薬）,product-v-259,https://cdn.shopify.com/s/files/1/0515/4045/9679/products/satoimo.jpg?v=1611099000,product-v-259,,0,inactive,0,,,440,440,,,,,,,,,,,,,,,,,,,,,,440,1,,,,,,,,,,,,,,,,,,,,,,,,,,,,,,,,,,,,,,,,,,,
金時人参（減農薬）,product-v-260,https://cdn.shopify.com/s/files/1/0515/4045/9679/products/3.jpg?v=1638580384,product-v-260,,0,inactive,0,,,270,270,,,,,,,,,,,,,,,,,,,,,,270,1,,,,,,,,,,,,,,,,,,,,,,,,,,,,,,,,,,,,,,,,,,,
白ネギ（減農薬）＊約300g,product-v-261,https://cdn.shopify.com/s/files/1/0515/4045/9679/products/shiro-negi.jpg?v=1611098986,product-v-261,,0,inactive,0,,,300,300,,,,,,,,,,,,,,,,,,,,,,300,1,,,,,,,,,,,,,,,,,,,,,,,,,,,,,,,,,,,,,,,,,,,
ニンジン（減農薬・農薬不使用）＊400〜500g,product-v-262,https://cdn.shopify.com/s/files/1/0515/4045/9679/products/ninjin.jpg?v=1611098734,product-v-262,,0,inactive,0,,,270,270,,,,,,,,,,,,,,,,,,,,,,270,1,,,,,,,,,,,,,,,,,,,,,,,,,,,,,,,,,,,,,,,,,,,
農薬不使用葉付きカブ＊550〜600g,product-v-263,https://cdn.shopify.com/s/files/1/0515/4045/9679/products/kabu.jpg?v=1635733830,product-v-263,,0,inactive,0,,,270,270,,,,,,,,,,,,,,,,,,,,,,270,1,,,,,,,,,,,,,,,,,,,,,,,,,,,,,,,,,,,,,,,,,,,
おやつ金時（サツマイモ・減農薬）,product-v-264,https://cdn.shopify.com/s/files/1/0515/4045/9679/products/2.jpg?v=1638509973,product-v-264,,0,inactive,0,,,330,330,,,,,,,,,,,,,,,,,,,,,,330,1,,,,,,,,,,,,,,,,,,,,,,,,,,,,,,,,,,,,,,,,,,,
King of サツマイモ！鳴門金時（農薬不使用）,product-v-265,https://cdn.shopify.com/s/files/1/0515/4045/9679/products/satsumaimo-narutokintoki.jpg?v=1611097545,product-v-265,,0,inactive,0,,,700,700,,,,,,,,,,,,,,,,,,,,,,700,1,,,,,,,,,,,,,,,,,,,,,,,,,,,,,,,,,,,,,,,,,,,
たけのこ水煮【クール便指定商品】,product-v-266,https://cdn.shopify.com/s/files/1/0515/4045/9679/products/takekaguyahime.jpg?v=1611725332,product-v-266,,0,active,1,,,750,750,,,,,,,,,,,,,,,,,,,,,,750,1,,,,,,,,,,,,,,,,,,,,,,,,,,,,,,,,,,,,,,,,,,,
高知の美味しい低温殺菌牛乳,product-v-267,https://cdn.shopify.com/s/files/1/0515/4045/9679/products/gyunyu1.jpg?v=1611099118,product-v-267,,0,active,1,,,400,400,,,,,,,,,,,,,,,,,,,,,,400,1,,,,,,,,,,,,,,,,,,,,,,,,,,,,,,,,,,,,,,,,,,,
たむらさんちの卵（１０個入）,product-v-268,https://cdn.shopify.com/s/files/1/0515/4045/9679/products/tamago.jpg?v=1611097913,product-v-268,,0,active,1,,,540,540,,,,,,,,,,,,,,,,,,,,,,540,1,,,,,,,,,,,,,,,,,,,,,,,,,,,,,,,,,,,,,,,,,,,
世界一の胡椒！カンポットペッパー,product-v-269,https://cdn.shopify.com/s/files/1/0515/4045/9679/products/kanpotpepper.jpg?v=1611098038,product-v-269,,0,active,1,,,330,330,,,,,,,,,,,,,,,,,,,,,,330,1,,,,,,,,,,,,,,,,,,,,,,,,,,,,,,,,,,,,,,,,,,,
自然栽培ヤブキタ緑茶＊200g,product-v-270,https://cdn.shopify.com/s/files/1/0515/4045/9679/products/yabukita.jpg?v=1611098667,product-v-270,,0,active,1,,,1800,1800,,,,,,,,,,,,,,,,,,,,,,1800,1,,,,,,,,,,,,,,,,,,,,,,,,,,,,,,,,,,,,,,,,,,,
徳島新鮮野菜セット（農薬不使用・減農薬）,product-v-271,https://cdn.shopify.com/s/files/1/0515/4045/9679/products/yasaiset.jpg?v=1611097855,product-v-271,,0,active,1,,,1100,1100,,,,,,,,,,,,,,,,,,,,,,1100,1,,,,,,,,,,,,,,,,,,,,,,,,,,,,,,,,,,,,,,,,,,,
阿波の小麦（全粒強力粉）自然農キタノカオリ＊１kg,product-v-272,https://cdn.shopify.com/s/files/1/0515/4045/9679/products/minaminokaori1.jpg?v=1611099051,product-v-272,,0,inactive,0,,,980,980,,,,,,,,,,,,,,,,,,,,,,980,1,,,,,,,,,,,,,,,,,,,,,,,,,,,,,,,,,,,,,,,,,,,
美味しいお餅、4色杵付きのお餅（12個入り）,product-v-273,https://cdn.shopify.com/s/files/1/0515/4045/9679/products/mochi.jpg?v=1611098580,product-v-273,,0,active,1,,,1620,1620,,,,,,,,,,,,,,,,,,,,,,1620,1,,,,,,,,,,,,,,,,,,,,,,,,,,,,,,,,,,,,,,,,,,,
アントシアニンの塊！自然農アンチャン（バタフライピー）＊１０g【単品時は送料200円に修正】,product-v-274,https://cdn.shopify.com/s/files/1/0515/4045/9679/products/anchan1.jpg?v=1611097609,product-v-274,,0,inactive,0,,,300,300,,,,,,,,,,,,,,,,,,,,,,300,1,,,,,,,,,,,,,,,,,,,,,,,,,,,,,,,,,,,,,,,,,,,
自然農蓮根＊サイズ色々200〜500g,product-v-275,https://cdn.shopify.com/s/files/1/0515/4045/9679/products/renkon.jpg?v=1611098892,product-v-275,,0,inactive,0,,,480,480,,,,,,,,,,,,,,,,,,,,,,480,1,,,,,,,,,,,,,,,,,,,,,,,,,,,,,,,,,,,,,,,,,,,
【 橙 ‐だいだい‐ 】ツクヨミお任せ野菜セット 彌榮（農薬不使用・自然農）,product-v-276,https://cdn.shopify.com/s/files/1/0515/4045/9679/products/vegetables_2000-1334.jpg?v=1655993568,product-v-276,,0,active,1,,,1500,1500,,,,,,,,,,,,,,,,,,,,,,1500,1,,,,,,,,,,,,,,,,,,,,,,,,,,,,,,,,,,,,,,,,,,,
